Iter:0, Test [acc: 10.20, loss: 2.3025], Train [acc: 10.38, loss: 2.3030]
Iter:1, Test [acc: 10.24, loss: 2.3025], Train [acc: 10.38, loss: 2.3029]
Iter:2, Test [acc: 10.24, loss: 2.3024], Train [acc: 10.38, loss: 2.3028]
Iter:3, Test [acc: 10.24, loss: 2.3023], Train [acc: 10.38, loss: 2.3026]
Iter:4, Test [acc: 10.24, loss: 2.3022], Train [acc: 10.38, loss: 2.3025]
Iter:5, Test [acc: 10.24, loss: 2.3021], Train [acc: 10.38, loss: 2.3023]
Iter:6, Test [acc: 10.24, loss: 2.3020], Train [acc: 10.38, loss: 2.3021]
Iter:7, Test [acc: 10.24, loss: 2.3019], Train [acc: 10.38, loss: 2.3018]
Iter:8, Test [acc: 10.24, loss: 2.3019], Train [acc: 10.38, loss: 2.3016]
Iter:9, Test [acc: 10.24, loss: 2.3018], Train [acc: 10.38, loss: 2.3014]
Iter:10, Test [acc: 10.28, loss: 2.3018], Train [acc: 10.38, loss: 2.3013]
Iter:11, Test [acc: 10.32, loss: 2.3017], Train [acc: 10.42, loss: 2.3011]
Iter:12, Test [acc: 10.24, loss: 2.3016], Train [acc: 10.46, loss: 2.3009]
Iter:13, Test [acc: 11.82, loss: 2.3016], Train [acc: 10.50, loss: 2.3007]
Iter:14, Test [acc: 12.62, loss: 2.3015], Train [acc: 11.60, loss: 2.3006]
Iter:15, Test [acc: 10.46, loss: 2.3015], Train [acc: 12.84, loss: 2.3004]
Iter:16, Test [acc: 10.20, loss: 2.3014], Train [acc: 10.62, loss: 2.3002]
Iter:17, Test [acc: 10.18, loss: 2.3013], Train [acc: 10.48, loss: 2.3000]
Iter:18, Test [acc: 10.18, loss: 2.3011], Train [acc: 10.46, loss: 2.2999]
Iter:19, Test [acc: 10.10, loss: 2.3010], Train [acc: 10.46, loss: 2.2997]
Iter:20, Test [acc: 10.16, loss: 2.3008], Train [acc: 10.44, loss: 2.2994]
Iter:21, Test [acc: 10.26, loss: 2.3006], Train [acc: 10.48, loss: 2.2992]
Iter:22, Test [acc: 10.34, loss: 2.3004], Train [acc: 10.62, loss: 2.2990]
Iter:23, Test [acc: 10.44, loss: 2.3001], Train [acc: 10.64, loss: 2.2987]
Iter:24, Test [acc: 10.84, loss: 2.2997], Train [acc: 10.66, loss: 2.2983]
Iter:25, Test [acc: 11.00, loss: 2.2993], Train [acc: 10.86, loss: 2.2980]
Iter:26, Test [acc: 11.20, loss: 2.2989], Train [acc: 11.16, loss: 2.2976]
Iter:27, Test [acc: 11.48, loss: 2.2983], Train [acc: 11.40, loss: 2.2971]
Iter:28, Test [acc: 11.86, loss: 2.2977], Train [acc: 11.84, loss: 2.2965]
Iter:29, Test [acc: 12.22, loss: 2.2970], Train [acc: 12.18, loss: 2.2959]
Iter:30, Test [acc: 12.62, loss: 2.2961], Train [acc: 12.54, loss: 2.2952]
Iter:31, Test [acc: 12.90, loss: 2.2951], Train [acc: 12.72, loss: 2.2943]
Iter:32, Test [acc: 13.20, loss: 2.2939], Train [acc: 12.82, loss: 2.2933]
Iter:33, Test [acc: 13.12, loss: 2.2926], Train [acc: 12.90, loss: 2.2922]
Iter:34, Test [acc: 12.82, loss: 2.2910], Train [acc: 12.82, loss: 2.2908]
Iter:35, Test [acc: 12.68, loss: 2.2890], Train [acc: 12.60, loss: 2.2892]
Iter:36, Test [acc: 12.40, loss: 2.2867], Train [acc: 12.22, loss: 2.2872]
Iter:37, Test [acc: 12.28, loss: 2.2839], Train [acc: 11.72, loss: 2.2848]
Iter:38, Test [acc: 12.12, loss: 2.2806], Train [acc: 11.66, loss: 2.2820]
Iter:39, Test [acc: 12.14, loss: 2.2765], Train [acc: 11.60, loss: 2.2785]
Iter:40, Test [acc: 12.84, loss: 2.2713], Train [acc: 11.74, loss: 2.2742]
Iter:41, Test [acc: 13.74, loss: 2.2648], Train [acc: 12.38, loss: 2.2688]
Iter:42, Test [acc: 15.30, loss: 2.2563], Train [acc: 13.40, loss: 2.2619]
Iter:43, Test [acc: 16.68, loss: 2.2454], Train [acc: 14.60, loss: 2.2530]
Iter:44, Test [acc: 18.14, loss: 2.2310], Train [acc: 16.44, loss: 2.2415]
Iter:45, Test [acc: 19.38, loss: 2.2120], Train [acc: 18.88, loss: 2.2261]
Iter:46, Test [acc: 19.98, loss: 2.1879], Train [acc: 19.80, loss: 2.2060]
Iter:47, Test [acc: 22.28, loss: 2.1602], Train [acc: 21.28, loss: 2.1802]
Iter:48, Test [acc: 16.90, loss: 2.3557], Train [acc: 23.06, loss: 2.1512]
Iter:49, Test [acc: 9.82, loss: 2.4684], Train [acc: 17.64, loss: 2.3297]
Iter:50, Test [acc: 9.82, loss: 2.4404], Train [acc: 10.38, loss: 2.4607]
Iter:51, Test [acc: 10.14, loss: 2.3372], Train [acc: 10.38, loss: 2.4342]
Iter:52, Test [acc: 10.14, loss: 2.3160], Train [acc: 10.38, loss: 2.3344]
Iter:53, Test [acc: 10.74, loss: 2.3097], Train [acc: 10.38, loss: 2.3141]
Iter:54, Test [acc: 11.32, loss: 2.3063], Train [acc: 10.88, loss: 2.3084]
Iter:55, Test [acc: 10.26, loss: 2.3034], Train [acc: 11.32, loss: 2.3054]
Iter:56, Test [acc: 10.32, loss: 2.3009], Train [acc: 10.50, loss: 2.3029]
Iter:57, Test [acc: 10.36, loss: 2.2988], Train [acc: 10.42, loss: 2.3008]
Iter:58, Test [acc: 12.08, loss: 2.2976], Train [acc: 10.36, loss: 2.2990]
Iter:59, Test [acc: 10.44, loss: 2.2978], Train [acc: 12.76, loss: 2.2981]
Iter:60, Test [acc: 9.92, loss: 2.2978], Train [acc: 10.72, loss: 2.2983]
Iter:61, Test [acc: 9.72, loss: 2.2964], Train [acc: 10.02, loss: 2.2980]
Iter:62, Test [acc: 10.54, loss: 2.2953], Train [acc: 9.90, loss: 2.2961]
Iter:63, Test [acc: 10.98, loss: 2.2951], Train [acc: 10.64, loss: 2.2944]
Iter:64, Test [acc: 11.88, loss: 2.2951], Train [acc: 11.18, loss: 2.2938]
Iter:65, Test [acc: 12.42, loss: 2.2947], Train [acc: 12.74, loss: 2.2935]
Iter:66, Test [acc: 12.10, loss: 2.2938], Train [acc: 13.42, loss: 2.2929]
Iter:67, Test [acc: 11.48, loss: 2.2926], Train [acc: 13.02, loss: 2.2918]
Iter:68, Test [acc: 10.70, loss: 2.2913], Train [acc: 11.78, loss: 2.2903]
Iter:69, Test [acc: 10.54, loss: 2.2899], Train [acc: 11.02, loss: 2.2889]
Iter:70, Test [acc: 10.82, loss: 2.2877], Train [acc: 10.82, loss: 2.2874]
Iter:71, Test [acc: 11.48, loss: 2.2848], Train [acc: 11.04, loss: 2.2852]
Iter:72, Test [acc: 12.36, loss: 2.2818], Train [acc: 11.78, loss: 2.2824]
Iter:73, Test [acc: 14.54, loss: 2.2779], Train [acc: 13.08, loss: 2.2794]
Iter:74, Test [acc: 13.26, loss: 2.2732], Train [acc: 14.72, loss: 2.2755]
Iter:75, Test [acc: 13.82, loss: 2.2671], Train [acc: 13.94, loss: 2.2705]
Iter:76, Test [acc: 16.04, loss: 2.2588], Train [acc: 13.74, loss: 2.2641]
Iter:77, Test [acc: 17.10, loss: 2.2482], Train [acc: 15.46, loss: 2.2554]
Iter:78, Test [acc: 17.10, loss: 2.2355], Train [acc: 17.16, loss: 2.2441]
Iter:79, Test [acc: 17.72, loss: 2.2375], Train [acc: 17.96, loss: 2.2307]
Iter:80, Test [acc: 10.80, loss: 2.8437], Train [acc: 18.38, loss: 2.2312]
Iter:81, Test [acc: 10.14, loss: 2.3410], Train [acc: 10.56, loss: 2.8268]
Iter:82, Test [acc: 10.18, loss: 2.3502], Train [acc: 10.38, loss: 2.3380]
Iter:83, Test [acc: 10.14, loss: 2.3419], Train [acc: 10.40, loss: 2.3470]
Iter:84, Test [acc: 10.14, loss: 2.3304], Train [acc: 10.38, loss: 2.3389]
Iter:85, Test [acc: 10.06, loss: 2.3247], Train [acc: 10.38, loss: 2.3277]
Iter:86, Test [acc: 10.12, loss: 2.3210], Train [acc: 10.36, loss: 2.3221]
Iter:87, Test [acc: 10.26, loss: 2.3150], Train [acc: 10.82, loss: 2.3185]
Iter:88, Test [acc: 11.64, loss: 2.3080], Train [acc: 10.86, loss: 2.3129]
Iter:89, Test [acc: 11.50, loss: 2.3027], Train [acc: 11.96, loss: 2.3065]
Iter:90, Test [acc: 10.06, loss: 2.2991], Train [acc: 12.00, loss: 2.3020]
Iter:91, Test [acc: 11.18, loss: 2.2926], Train [acc: 10.40, loss: 2.2989]
Iter:92, Test [acc: 12.92, loss: 2.2907], Train [acc: 11.72, loss: 2.2920]
Iter:93, Test [acc: 13.34, loss: 2.2878], Train [acc: 13.66, loss: 2.2898]
Iter:94, Test [acc: 10.72, loss: 2.2876], Train [acc: 14.42, loss: 2.2868]
Iter:95, Test [acc: 12.10, loss: 2.2843], Train [acc: 10.42, loss: 2.2865]
Iter:96, Test [acc: 12.54, loss: 2.2817], Train [acc: 12.32, loss: 2.2827]
Iter:97, Test [acc: 10.78, loss: 2.2822], Train [acc: 13.12, loss: 2.2797]
Iter:98, Test [acc: 9.88, loss: 2.2976], Train [acc: 10.42, loss: 2.2795]
Iter:99, Test [acc: 9.84, loss: 2.2990], Train [acc: 10.66, loss: 2.2951]
Iter:100, Test [acc: 9.94,,,
Iter:200, Test [acc: 10.44,,,
Iter:300, Test [acc: 12.34,,,
Iter:400, Test [acc: 13.76,,,
Iter:500, Test [acc: 13.42,,,
Iter:600, Test [acc: 13.46,,,
Iter:700, Test [acc: 13.18,,,
Iter:800, Test [acc: 13.06,,,
Iter:900, Test [acc: 13.06,,,
Iter:1000, Test [acc: 13.08,,,
Iter:1100, Test [acc: 13.42,,,
Iter:1200, Test [acc: 15.54,,,
Iter:1300, Test [acc: 11.30,,,
Iter:1400, Test [acc: 10.44,,,
Iter:1500, Test [acc: 10.22,,,
Iter:1600, Test [acc: 10.18,,,
Iter:1700, Test [acc: 10.14,,,
Iter:1800, Test [acc: 10.12,,,
Iter:1900, Test [acc: 10.12,,,
Iter:2000, Test [acc: 10.14,,,
Iter:2100, Test [acc: 10.22,,,
Iter:2200, Test [acc: 10.24,,,
Iter:2300, Test [acc: 10.36,,,
Iter:2400, Test [acc: 10.50,,,
Iter:2500, Test [acc: 10.54,,,
Iter:2600, Test [acc: 10.64,,,
Iter:2700, Test [acc: 10.68,,,
Iter:2800, Test [acc: 11.46,,,
Iter:2900, Test [acc: 12.52,,,
Iter:3000, Test [acc: 13.32,,,
Iter:3100, Test [acc: 13.56,,,
Iter:3200, Test [acc: 13.44,,,
Iter:3300, Test [acc: 12.94,,,
Iter:3400, Test [acc: 12.30,,,
Iter:3500, Test [acc: 12.30,,,
Iter:3600, Test [acc: 13.02,,,
Iter:3700, Test [acc: 14.28,,,
Iter:3800, Test [acc: 15.02,,,
Iter:3900, Test [acc: 17.04,,,
Iter:4000, Test [acc: 18.48,,,
Iter:4100, Test [acc: 19.20,,,
Iter:4200, Test [acc: 17.68,,,
Iter:4300, Test [acc: 10.16,,,
Iter:4400, Test [acc: 10.14,,,
Iter:4500, Test [acc: 10.14,,,
Iter:4600, Test [acc: 10.14,,,
Iter:4700, Test [acc: 10.14,,,
Iter:4800, Test [acc: 10.14,,,
Iter:4900, Test [acc: 10.14,,,
Iter:5000, Test [acc: 10.14,,,
Iter:5100, Test [acc: 10.14,,,
Iter:5200, Test [acc: 10.14,,,
Iter:5300, Test [acc: 10.14,,,
Iter:5400, Test [acc: 10.14,,,
Iter:5500, Test [acc: 10.14,,,
Iter:5600, Test [acc: 10.14,,,
Iter:5700, Test [acc: 10.14,,,
Iter:5800, Test [acc: 10.26,,,
Iter:5900, Test [acc: 10.02,,,
Iter:6000, Test [acc: 10.18,,,
Iter:6100, Test [acc: 10.22,,,
Iter:6200, Test [acc: 10.24,,,
Iter:6300, Test [acc: 10.24,,,
Iter:6400, Test [acc: 10.36,,,
Iter:6500, Test [acc: 13.26,,,
Iter:6600, Test [acc: 11.30,,,
Iter:6700, Test [acc: 10.74,,,
Iter:6800, Test [acc: 10.10,,,
Iter:6900, Test [acc: 10.08,,,
Iter:7000, Test [acc: 10.08,,,
Iter:7100, Test [acc: 10.08,,,
Iter:7200, Test [acc: 10.08,,,
Iter:7300, Test [acc: 10.08,,,
Iter:7400, Test [acc: 10.08,,,
Iter:7500, Test [acc: 10.08,,,
Iter:7600, Test [acc: 10.08,,,
Iter:7700, Test [acc: 10.08,,,
Iter:7800, Test [acc: 10.08,,,
Iter:7900, Test [acc: 10.08,,,
Iter:8000, Test [acc: 10.08,,,
Iter:8100, Test [acc: 10.10,,,
Iter:8200, Test [acc: 10.10,,,
Iter:8300, Test [acc: 10.16,,,
Iter:8400, Test [acc: 10.18,,,
Iter:8500, Test [acc: 10.46,,,
Iter:8600, Test [acc: 11.50,,,
Iter:8700, Test [acc: 12.02,,,
Iter:8800, Test [acc: 12.36,,,
Iter:8900, Test [acc: 12.26,,,
Iter:9000, Test [acc: 13.42,,,
Iter:9100, Test [acc: 14.56,,,
Iter:9200, Test [acc: 14.26,,,
Iter:9300, Test [acc: 15.48,,,
Iter:9400, Test [acc: 11.62,,,
Iter:9500, Test [acc: 9.82,,,
Iter:9600, Test [acc: 9.82,,,
Iter:9700, Test [acc: 12.38,,,
Iter:9800, Test [acc: 10.08,,,
Iter:9900, Test [acc: 11.58,,,
Iter:10000, Test [acc: 11.84,,,
Iter:10100, Test [acc: 11.46,,,
Iter:10200, Test [acc: 11.40,,,
Iter:10300, Test [acc: 15.96,,,
Iter:10400, Test [acc: 16.02,,,
Iter:10500, Test [acc: 11.90,,,
Iter:10600, Test [acc: 15.04,,,
Iter:10700, Test [acc: 10.10,,,
Iter:10800, Test [acc: 9.82,,,
Iter:10900, Test [acc: 9.82,,,
Iter:11000, Test [acc: 9.82,,,
Iter:11100, Test [acc: 9.82,,,
Iter:11200, Test [acc: 9.78,,,
Iter:11300, Test [acc: 10.14,,,
Iter:11400, Test [acc: 10.14,,,
Iter:11500, Test [acc: 10.14,,,
Iter:11600, Test [acc: 10.14,,,
Iter:11700, Test [acc: 10.14,,,
Iter:11800, Test [acc: 10.14,,,
Iter:11900, Test [acc: 10.14,,,
Iter:12000, Test [acc: 10.14,,,
Iter:12100, Test [acc: 10.14,,,
Iter:12200, Test [acc: 11.66,,,
Iter:12300, Test [acc: 12.64,,,
Iter:12400, Test [acc: 9.96,,,
Iter:12500, Test [acc: 9.80,,,
Iter:12600, Test [acc: 9.76,,,
Iter:12700, Test [acc: 9.76,,,
Iter:12800, Test [acc: 9.54,,,
Iter:12900, Test [acc: 10.38,,,
Iter:13000, Test [acc: 10.10,,,
Iter:13100, Test [acc: 10.10,,,
Iter:13200, Test [acc: 10.24,,,
Iter:13300, Test [acc: 10.32,,,
Iter:13400, Test [acc: 10.34,,,
Iter:13500, Test [acc: 10.22,,,
Iter:13600, Test [acc: 10.18,,,
Iter:13700, Test [acc: 10.12,,,
Iter:13800, Test [acc: 10.14,,,
Iter:13900, Test [acc: 10.18,,,
Iter:14000, Test [acc: 10.26,,,
Iter:14100, Test [acc: 10.56,,,
Iter:14200, Test [acc: 11.00,,,
Iter:14300, Test [acc: 11.02,,,
Iter:14400, Test [acc: 10.66,,,
Iter:14500, Test [acc: 10.76,,,
Iter:14600, Test [acc: 11.94,,,
Iter:14700, Test [acc: 13.14,,,
Iter:14800, Test [acc: 11.88,,,
Iter:14900, Test [acc: 14.06,,,
Iter:15000, Test [acc: 13.34,,,
Iter:15100, Test [acc: 15.84,,,
Iter:15200, Test [acc: 10.64,,,
Iter:15300, Test [acc: 10.14,,,
Iter:15400, Test [acc: 10.26,,,
Iter:15500, Test [acc: 10.90,,,
Iter:15600, Test [acc: 11.72,,,
Iter:15700, Test [acc: 10.72,,,
Iter:15800, Test [acc: 10.16,,,
Iter:15900, Test [acc: 10.28,,,
Iter:16000, Test [acc: 10.32,,,
Iter:16100, Test [acc: 12.70,,,
Iter:16200, Test [acc: 13.16,,,
Iter:16300, Test [acc: 13.72,,,
Iter:16400, Test [acc: 12.52,,,
Iter:16500, Test [acc: 12.06,,,
Iter:16600, Test [acc: 12.82,,,
Iter:16700, Test [acc: 13.22,,,
Iter:16800, Test [acc: 12.94,,,
Iter:16900, Test [acc: 13.68,,,
Iter:17000, Test [acc: 14.06,,,
Iter:17100, Test [acc: 14.40,,,
Iter:17200, Test [acc: 13.86,,,
Iter:17300, Test [acc: 15.52,,,
Iter:17400, Test [acc: 12.28,,,
Iter:17500, Test [acc: 9.82,,,
Iter:17600, Test [acc: 9.82,,,
Iter:17700, Test [acc: 10.20,,,
Iter:17800, Test [acc: 12.88,,,
Iter:17900, Test [acc: 10.24,,,
Iter:18000, Test [acc: 10.12,,,
Iter:18100, Test [acc: 9.90,,,
Iter:18200, Test [acc: 9.82,,,
Iter:18300, Test [acc: 9.56,,,
Iter:18400, Test [acc: 9.62,,,
Iter:18500, Test [acc: 12.42,,,
Iter:18600, Test [acc: 9.80,,,
Iter:18700, Test [acc: 12.16,,,
Iter:18800, Test [acc: 11.06,,,
Iter:18900, Test [acc: 9.82,,,
Iter:19000, Test [acc: 10.46,,,
Iter:19100, Test [acc: 15.28,,,
Iter:19200, Test [acc: 10.48,,,
Iter:19300, Test [acc: 11.08,,,
Iter:19400, Test [acc: 14.72,,,
Iter:19500, Test [acc: 13.28,,,
Iter:19600, Test [acc: 13.54,,,
Iter:19700, Test [acc: 11.98,,,
Iter:19800, Test [acc: 10.62,,,
Iter:19900, Test [acc: 13.54,,,
Iter:20000, Test [acc: 13.42,,,
Iter:20100, Test [acc: 15.04,,,
Iter:20200, Test [acc: 13.36,,,
Iter:20300, Test [acc: 12.92,,,
Iter:20400, Test [acc: 15.20,,,
Iter:20500, Test [acc: 11.50,,,
Iter:20600, Test [acc: 9.82,,,
Iter:20700, Test [acc: 9.82,,,
Iter:20800, Test [acc: 9.82,,,
Iter:20900, Test [acc: 9.82,,,
Iter:21000, Test [acc: 9.82,,,
Iter:21100, Test [acc: 9.82,,,
Iter:21200, Test [acc: 9.82,,,
Iter:21300, Test [acc: 9.82,,,
Iter:21400, Test [acc: 9.82,,,
Iter:21500, Test [acc: 9.82,,,
Iter:21600, Test [acc: 9.82,,,
Iter:21700, Test [acc: 9.82,,,
Iter:21800, Test [acc: 9.82,,,
Iter:21900, Test [acc: 9.82,,,
Iter:22000, Test [acc: 9.82,,,
Iter:22100, Test [acc: 9.82,,,
Iter:22200, Test [acc: 9.82,,,
Iter:22300, Test [acc: 9.82,,,
Iter:22400, Test [acc: 9.82,,,
Iter:22500, Test [acc: 10.24,,,
Iter:22600, Test [acc: 10.24,,,
Iter:22700, Test [acc: 10.24,,,
Iter:22800, Test [acc: 10.24,,,
Iter:22900, Test [acc: 10.24,,,
Iter:23000, Test [acc: 10.24,,,
Iter:23100, Test [acc: 10.08,,,
Iter:23200, Test [acc: 10.08,,,
Iter:23300, Test [acc: 10.08,,,
Iter:23400, Test [acc: 10.08,,,
Iter:23500, Test [acc: 10.08,,,
Iter:23600, Test [acc: 10.08,,,
Iter:23700, Test [acc: 10.08,,,
Iter:23800, Test [acc: 10.08,,,
Iter:23900, Test [acc: 10.08,,,
Iter:24000, Test [acc: 10.08,,,
Iter:24100, Test [acc: 10.08,,,
Iter:24200, Test [acc: 10.08,,,
Iter:24300, Test [acc: 10.08,,,
Iter:24400, Test [acc: 10.08,,,
Iter:24500, Test [acc: 10.08,,,
Iter:24600, Test [acc: 10.08,,,
Iter:24700, Test [acc: 10.08,,,
Iter:24800, Test [acc: 10.08,,,
Iter:24900, Test [acc: 10.08,,,
Iter:25000, Test [acc: 10.08,,,
Iter:25100, Test [acc: 10.08,,,
Iter:25200, Test [acc: 10.08,,,
Iter:25300, Test [acc: 10.08,,,
Iter:25400, Test [acc: 10.08,,,
Iter:25500, Test [acc: 10.08,,,
Iter:25600, Test [acc: 10.08,,,
Iter:25700, Test [acc: 10.08,,,
Iter:25800, Test [acc: 10.08,,,
Iter:25900, Test [acc: 10.08,,,
Iter:26000, Test [acc: 10.08,,,
Iter:26100, Test [acc: 10.08,,,
Iter:26200, Test [acc: 10.14,,,
Iter:26300, Test [acc: 10.14,,,
Iter:26400, Test [acc: 10.14,,,
Iter:26500, Test [acc: 10.14,,,
Iter:26600, Test [acc: 10.14,,,
Iter:26700, Test [acc: 10.14,,,
Iter:26800, Test [acc: 10.14,,,
Iter:26900, Test [acc: 10.14,,,
Iter:27000, Test [acc: 10.14,,,
Iter:27100, Test [acc: 10.14,,,
Iter:27200, Test [acc: 10.14,,,
Iter:27300, Test [acc: 10.14,,,
Iter:27400, Test [acc: 10.06,,,
Iter:27500, Test [acc: 10.02,,,
Iter:27600, Test [acc: 9.86,,,
Iter:27700, Test [acc: 9.82,,,
Iter:27800, Test [acc: 9.82,,,
Iter:27900, Test [acc: 9.82,,,
Iter:28000, Test [acc: 9.82,,,
Iter:28100, Test [acc: 9.82,,,
Iter:28200, Test [acc: 9.82,,,
Iter:28300, Test [acc: 9.82,,,
Iter:28400, Test [acc: 9.82,,,
Iter:28500, Test [acc: 9.82,,,
Iter:28600, Test [acc: 9.82,,,
Iter:28700, Test [acc: 9.82,,,
Iter:28800, Test [acc: 9.82,,,
Iter:28900, Test [acc: 9.82,,,
Iter:29000, Test [acc: 9.82,,,
Iter:29100, Test [acc: 14.02,,,
Iter:29200, Test [acc: 10.60,,,
Iter:29300, Test [acc: 10.08,,,
Iter:29400, Test [acc: 10.08,,,
Iter:29500, Test [acc: 10.08,,,
Iter:29600, Test [acc: 10.08,,,
Iter:29700, Test [acc: 10.08,,,
Iter:29800, Test [acc: 10.08,,,
Iter:29900, Test [acc: 10.08,,,
