Iter:0, Test [acc: 10.26, loss: 2.3027], Train [acc: 9.96, loss: 2.3028]
Iter:1, Test [acc: 10.26, loss: 2.3026], Train [acc: 9.96, loss: 2.3027]
Iter:2, Test [acc: 10.32, loss: 2.3026], Train [acc: 9.96, loss: 2.3026]
Iter:3, Test [acc: 10.74, loss: 2.3025], Train [acc: 9.98, loss: 2.3025]
Iter:4, Test [acc: 12.70, loss: 2.3024], Train [acc: 10.32, loss: 2.3023]
Iter:5, Test [acc: 12.46, loss: 2.3023], Train [acc: 12.78, loss: 2.3021]
Iter:6, Test [acc: 11.92, loss: 2.3022], Train [acc: 12.84, loss: 2.3019]
Iter:7, Test [acc: 11.82, loss: 2.3021], Train [acc: 12.30, loss: 2.3017]
Iter:8, Test [acc: 11.64, loss: 2.3021], Train [acc: 12.02, loss: 2.3016]
Iter:9, Test [acc: 13.04, loss: 2.3020], Train [acc: 11.80, loss: 2.3014]
Iter:10, Test [acc: 13.56, loss: 2.3019], Train [acc: 13.46, loss: 2.3012]
Iter:11, Test [acc: 10.70, loss: 2.3019], Train [acc: 14.12, loss: 2.3011]
Iter:12, Test [acc: 10.16, loss: 2.3018], Train [acc: 10.96, loss: 2.3009]
Iter:13, Test [acc: 10.08, loss: 2.3018], Train [acc: 10.40, loss: 2.3008]
Iter:14, Test [acc: 10.08, loss: 2.3017], Train [acc: 10.40, loss: 2.3006]
Iter:15, Test [acc: 10.08, loss: 2.3016], Train [acc: 10.40, loss: 2.3004]
Iter:16, Test [acc: 10.08, loss: 2.3015], Train [acc: 10.40, loss: 2.3003]
Iter:17, Test [acc: 10.08, loss: 2.3014], Train [acc: 10.40, loss: 2.3001]
Iter:18, Test [acc: 10.10, loss: 2.3012], Train [acc: 10.40, loss: 2.2999]
Iter:19, Test [acc: 10.16, loss: 2.3011], Train [acc: 10.46, loss: 2.2997]
Iter:20, Test [acc: 10.32, loss: 2.3008], Train [acc: 10.52, loss: 2.2995]
Iter:21, Test [acc: 10.42, loss: 2.3006], Train [acc: 10.60, loss: 2.2992]
Iter:22, Test [acc: 10.46, loss: 2.3003], Train [acc: 10.62, loss: 2.2989]
Iter:23, Test [acc: 10.54, loss: 2.2999], Train [acc: 10.68, loss: 2.2986]
Iter:24, Test [acc: 10.58, loss: 2.2996], Train [acc: 10.74, loss: 2.2982]
Iter:25, Test [acc: 10.60, loss: 2.2991], Train [acc: 10.76, loss: 2.2978]
Iter:26, Test [acc: 10.62, loss: 2.2986], Train [acc: 10.78, loss: 2.2974]
Iter:27, Test [acc: 10.64, loss: 2.2980], Train [acc: 10.78, loss: 2.2969]
Iter:28, Test [acc: 10.64, loss: 2.2973], Train [acc: 10.82, loss: 2.2963]
Iter:29, Test [acc: 10.64, loss: 2.2965], Train [acc: 10.84, loss: 2.2956]
Iter:30, Test [acc: 10.70, loss: 2.2956], Train [acc: 10.82, loss: 2.2948]
Iter:31, Test [acc: 11.28, loss: 2.2945], Train [acc: 10.84, loss: 2.2939]
Iter:32, Test [acc: 12.18, loss: 2.2932], Train [acc: 11.44, loss: 2.2928]
Iter:33, Test [acc: 12.92, loss: 2.2917], Train [acc: 12.44, loss: 2.2915]
Iter:34, Test [acc: 12.34, loss: 2.2899], Train [acc: 12.72, loss: 2.2900]
Iter:35, Test [acc: 12.04, loss: 2.2878], Train [acc: 12.38, loss: 2.2882]
Iter:36, Test [acc: 11.24, loss: 2.2853], Train [acc: 11.60, loss: 2.2860]
Iter:37, Test [acc: 11.34, loss: 2.2823], Train [acc: 11.10, loss: 2.2834]
Iter:38, Test [acc: 11.18, loss: 2.2786], Train [acc: 10.90, loss: 2.2803]
Iter:39, Test [acc: 10.96, loss: 2.2741], Train [acc: 10.80, loss: 2.2764]
Iter:40, Test [acc: 11.66, loss: 2.2684], Train [acc: 11.40, loss: 2.2717]
Iter:41, Test [acc: 12.76, loss: 2.2612], Train [acc: 12.10, loss: 2.2657]
Iter:42, Test [acc: 14.08, loss: 2.2517], Train [acc: 13.14, loss: 2.2580]
Iter:43, Test [acc: 16.36, loss: 2.2392], Train [acc: 14.58, loss: 2.2480]
Iter:44, Test [acc: 19.12, loss: 2.2226], Train [acc: 16.74, loss: 2.2346]
Iter:45, Test [acc: 21.14, loss: 2.2013], Train [acc: 19.34, loss: 2.2170]
Iter:46, Test [acc: 19.66, loss: 2.1763], Train [acc: 22.14, loss: 2.1945]
Iter:47, Test [acc: 21.62, loss: 2.1677], Train [acc: 21.16, loss: 2.1675]
Iter:48, Test [acc: 11.32, loss: 3.7764], Train [acc: 21.64, loss: 2.1595]
Iter:49, Test [acc: 9.82, loss: 2.3364], Train [acc: 11.74, loss: 3.7192]
Iter:50, Test [acc: 9.82, loss: 2.3521], Train [acc: 10.38, loss: 2.3336]
Iter:51, Test [acc: 9.82, loss: 2.3664], Train [acc: 10.38, loss: 2.3493]
Iter:52, Test [acc: 9.82, loss: 2.3666], Train [acc: 10.38, loss: 2.3637]
Iter:53, Test [acc: 9.82, loss: 2.3541], Train [acc: 10.38, loss: 2.3641]
Iter:54, Test [acc: 9.82, loss: 2.3421], Train [acc: 10.38, loss: 2.3519]
Iter:55, Test [acc: 9.82, loss: 2.3338], Train [acc: 10.38, loss: 2.3401]
Iter:56, Test [acc: 9.82, loss: 2.3273], Train [acc: 10.38, loss: 2.3320]
Iter:57, Test [acc: 9.82, loss: 2.3222], Train [acc: 10.38, loss: 2.3257]
Iter:58, Test [acc: 9.82, loss: 2.3179], Train [acc: 10.38, loss: 2.3207]
Iter:59, Test [acc: 9.82, loss: 2.3142], Train [acc: 10.38, loss: 2.3165]
Iter:60, Test [acc: 9.48, loss: 2.3112], Train [acc: 10.38, loss: 2.3130]
Iter:61, Test [acc: 9.68, loss: 2.3088], Train [acc: 10.46, loss: 2.3101]
Iter:62, Test [acc: 9.94, loss: 2.3070], Train [acc: 9.90, loss: 2.3078]
Iter:63, Test [acc: 10.32, loss: 2.3056], Train [acc: 10.10, loss: 2.3061]
Iter:64, Test [acc: 10.50, loss: 2.3045], Train [acc: 10.50, loss: 2.3048]
Iter:65, Test [acc: 10.84, loss: 2.3036], Train [acc: 10.64, loss: 2.3038]
Iter:66, Test [acc: 10.30, loss: 2.3029], Train [acc: 11.10, loss: 2.3029]
Iter:67, Test [acc: 10.24, loss: 2.3024], Train [acc: 10.42, loss: 2.3023]
Iter:68, Test [acc: 10.24, loss: 2.3020], Train [acc: 10.38, loss: 2.3018]
Iter:69, Test [acc: 10.24, loss: 2.3017], Train [acc: 10.38, loss: 2.3014]
Iter:70, Test [acc: 11.94, loss: 2.3016], Train [acc: 10.38, loss: 2.3011]
Iter:71, Test [acc: 11.16, loss: 2.3015], Train [acc: 11.98, loss: 2.3010]
Iter:72, Test [acc: 10.10, loss: 2.3014], Train [acc: 11.26, loss: 2.3009]
Iter:73, Test [acc: 10.08, loss: 2.3014], Train [acc: 10.40, loss: 2.3008]
Iter:74, Test [acc: 10.08, loss: 2.3014], Train [acc: 10.40, loss: 2.3007]
Iter:75, Test [acc: 10.08, loss: 2.3014], Train [acc: 10.40, loss: 2.3007]
Iter:76, Test [acc: 10.08, loss: 2.3014], Train [acc: 10.40, loss: 2.3006]
Iter:77, Test [acc: 10.08, loss: 2.3014], Train [acc: 10.40, loss: 2.3006]
Iter:78, Test [acc: 10.08, loss: 2.3013], Train [acc: 10.40, loss: 2.3005]
Iter:79, Test [acc: 10.08, loss: 2.3012], Train [acc: 10.40, loss: 2.3004]
Iter:80, Test [acc: 10.08, loss: 2.3011], Train [acc: 10.40, loss: 2.3002]
Iter:81, Test [acc: 10.08, loss: 2.3009], Train [acc: 10.40, loss: 2.3000]
Iter:82, Test [acc: 10.08, loss: 2.3006], Train [acc: 10.40, loss: 2.2997]
Iter:83, Test [acc: 10.08, loss: 2.3003], Train [acc: 10.40, loss: 2.2995]
Iter:84, Test [acc: 10.08, loss: 2.3000], Train [acc: 10.40, loss: 2.2991]
Iter:85, Test [acc: 10.08, loss: 2.2996], Train [acc: 10.40, loss: 2.2987]
Iter:86, Test [acc: 10.08, loss: 2.2991], Train [acc: 10.40, loss: 2.2983]
Iter:87, Test [acc: 10.08, loss: 2.2986], Train [acc: 10.40, loss: 2.2978]
Iter:88, Test [acc: 10.08, loss: 2.2980], Train [acc: 10.40, loss: 2.2973]
Iter:89, Test [acc: 10.08, loss: 2.2973], Train [acc: 10.40, loss: 2.2967]
Iter:90, Test [acc: 10.10, loss: 2.2966], Train [acc: 10.40, loss: 2.2960]
Iter:91, Test [acc: 10.16, loss: 2.2957], Train [acc: 10.40, loss: 2.2952]
Iter:92, Test [acc: 10.16, loss: 2.2947], Train [acc: 10.40, loss: 2.2943]
Iter:93, Test [acc: 10.20, loss: 2.2936], Train [acc: 10.40, loss: 2.2934]
Iter:94, Test [acc: 10.24, loss: 2.2923], Train [acc: 10.42, loss: 2.2922]
Iter:95, Test [acc: 10.38, loss: 2.2908], Train [acc: 10.44, loss: 2.2909]
Iter:96, Test [acc: 10.44, loss: 2.2890], Train [acc: 10.54, loss: 2.2894]
Iter:97, Test [acc: 10.54, loss: 2.2868], Train [acc: 10.68, loss: 2.2875]
Iter:98, Test [acc: 10.58, loss: 2.2842], Train [acc: 10.80, loss: 2.2854]
Iter:99, Test [acc: 10.66, loss: 2.2812], Train [acc: 10.84, loss: 2.2828]
