Iter:0, Test [acc: 10.20, loss: 2.3030], Train [acc: 9.72, loss: 2.3035]
Iter:1, Test [acc: 10.42, loss: 2.3029], Train [acc: 10.54, loss: 2.3034]
Iter:2, Test [acc: 10.08, loss: 2.3028], Train [acc: 10.50, loss: 2.3032]
Iter:3, Test [acc: 10.08, loss: 2.3027], Train [acc: 10.40, loss: 2.3030]
Iter:4, Test [acc: 10.08, loss: 2.3025], Train [acc: 10.40, loss: 2.3028]
Iter:5, Test [acc: 10.08, loss: 2.3024], Train [acc: 10.40, loss: 2.3025]
Iter:6, Test [acc: 10.08, loss: 2.3022], Train [acc: 10.40, loss: 2.3023]
Iter:7, Test [acc: 10.08, loss: 2.3021], Train [acc: 10.40, loss: 2.3020]
Iter:8, Test [acc: 10.08, loss: 2.3019], Train [acc: 10.40, loss: 2.3017]
Iter:9, Test [acc: 10.08, loss: 2.3018], Train [acc: 10.40, loss: 2.3015]
Iter:10, Test [acc: 10.08, loss: 2.3017], Train [acc: 10.40, loss: 2.3012]
Iter:11, Test [acc: 10.08, loss: 2.3016], Train [acc: 10.40, loss: 2.3010]
Iter:12, Test [acc: 10.08, loss: 2.3015], Train [acc: 10.40, loss: 2.3007]
Iter:13, Test [acc: 10.08, loss: 2.3014], Train [acc: 10.40, loss: 2.3005]
Iter:14, Test [acc: 10.10, loss: 2.3013], Train [acc: 10.40, loss: 2.3003]
Iter:15, Test [acc: 10.20, loss: 2.3012], Train [acc: 10.40, loss: 2.3001]
Iter:16, Test [acc: 10.44, loss: 2.3010], Train [acc: 10.48, loss: 2.2998]
Iter:17, Test [acc: 11.02, loss: 2.3009], Train [acc: 10.74, loss: 2.2996]
Iter:18, Test [acc: 11.64, loss: 2.3007], Train [acc: 11.40, loss: 2.2994]
Iter:19, Test [acc: 12.46, loss: 2.3004], Train [acc: 11.96, loss: 2.2991]
Iter:20, Test [acc: 13.08, loss: 2.3001], Train [acc: 12.72, loss: 2.2988]
Iter:21, Test [acc: 13.52, loss: 2.2998], Train [acc: 13.50, loss: 2.2985]
Iter:22, Test [acc: 13.72, loss: 2.2994], Train [acc: 14.00, loss: 2.2981]
Iter:23, Test [acc: 13.86, loss: 2.2990], Train [acc: 14.24, loss: 2.2977]
Iter:24, Test [acc: 13.76, loss: 2.2985], Train [acc: 14.32, loss: 2.2972]
Iter:25, Test [acc: 13.72, loss: 2.2979], Train [acc: 14.20, loss: 2.2966]
Iter:26, Test [acc: 13.76, loss: 2.2972], Train [acc: 14.06, loss: 2.2960]
Iter:27, Test [acc: 13.66, loss: 2.2963], Train [acc: 14.04, loss: 2.2953]
Iter:28, Test [acc: 13.60, loss: 2.2954], Train [acc: 14.00, loss: 2.2944]
Iter:29, Test [acc: 13.42, loss: 2.2942], Train [acc: 13.86, loss: 2.2934]
Iter:30, Test [acc: 13.32, loss: 2.2928], Train [acc: 13.92, loss: 2.2922]
Iter:31, Test [acc: 13.34, loss: 2.2912], Train [acc: 14.04, loss: 2.2908]
Iter:32, Test [acc: 13.32, loss: 2.2893], Train [acc: 13.96, loss: 2.2891]
Iter:33, Test [acc: 13.28, loss: 2.2869], Train [acc: 13.78, loss: 2.2871]
Iter:34, Test [acc: 13.28, loss: 2.2840], Train [acc: 13.76, loss: 2.2847]
Iter:35, Test [acc: 13.40, loss: 2.2803], Train [acc: 13.78, loss: 2.2817]
Iter:36, Test [acc: 13.52, loss: 2.2757], Train [acc: 13.84, loss: 2.2779]
Iter:37, Test [acc: 13.70, loss: 2.2699], Train [acc: 13.96, loss: 2.2731]
Iter:38, Test [acc: 13.92, loss: 2.2625], Train [acc: 14.12, loss: 2.2670]
Iter:39, Test [acc: 14.34, loss: 2.2528], Train [acc: 14.34, loss: 2.2592]
Iter:40, Test [acc: 14.98, loss: 2.2400], Train [acc: 15.00, loss: 2.2489]
Iter:41, Test [acc: 15.86, loss: 2.2232], Train [acc: 16.00, loss: 2.2354]
Iter:42, Test [acc: 16.66, loss: 2.2012], Train [acc: 16.88, loss: 2.2175]
Iter:43, Test [acc: 16.32, loss: 2.1873], Train [acc: 17.68, loss: 2.1943]
Iter:44, Test [acc: 10.04, loss: 2.3948], Train [acc: 17.10, loss: 2.1772]
Iter:45, Test [acc: 10.02, loss: 2.3660], Train [acc: 10.32, loss: 2.3887]
Iter:46, Test [acc: 9.82, loss: 2.3273], Train [acc: 10.80, loss: 2.3613]
Iter:47, Test [acc: 10.30, loss: 2.3044], Train [acc: 10.38, loss: 2.3244]
Iter:48, Test [acc: 11.92, loss: 2.2912], Train [acc: 11.10, loss: 2.3025]
Iter:49, Test [acc: 10.40, loss: 2.2930], Train [acc: 11.86, loss: 2.2903]
Iter:50, Test [acc: 10.14, loss: 2.2985], Train [acc: 10.84, loss: 2.2930]
Iter:51, Test [acc: 10.42, loss: 2.2912], Train [acc: 10.38, loss: 2.2987]
Iter:52, Test [acc: 12.84, loss: 2.2898], Train [acc: 10.64, loss: 2.2908]
Iter:53, Test [acc: 14.56, loss: 2.2909], Train [acc: 13.12, loss: 2.2888]
Iter:54, Test [acc: 14.74, loss: 2.2900], Train [acc: 15.14, loss: 2.2896]
Iter:55, Test [acc: 15.34, loss: 2.2856], Train [acc: 15.24, loss: 2.2884]
Iter:56, Test [acc: 12.94, loss: 2.2805], Train [acc: 15.76, loss: 2.2837]
Iter:57, Test [acc: 11.02, loss: 2.2779], Train [acc: 13.32, loss: 2.2786]
Iter:58, Test [acc: 11.56, loss: 2.2714], Train [acc: 11.52, loss: 2.2756]
Iter:59, Test [acc: 14.86, loss: 2.2608], Train [acc: 12.04, loss: 2.2685]
Iter:60, Test [acc: 15.78, loss: 2.2509], Train [acc: 15.40, loss: 2.2574]
Iter:61, Test [acc: 13.80, loss: 2.2394], Train [acc: 16.34, loss: 2.2468]
Iter:62, Test [acc: 15.52, loss: 2.2223], Train [acc: 14.28, loss: 2.2338]
Iter:63, Test [acc: 15.98, loss: 2.2072], Train [acc: 16.36, loss: 2.2161]
Iter:64, Test [acc: 15.52, loss: 2.2064], Train [acc: 16.84, loss: 2.2002]
Iter:65, Test [acc: 10.04, loss: 2.3107], Train [acc: 16.04, loss: 2.1959]
Iter:66, Test [acc: 9.82, loss: 2.3230], Train [acc: 10.56, loss: 2.3069]
Iter:67, Test [acc: 9.82, loss: 2.3224], Train [acc: 10.38, loss: 2.3194]
Iter:68, Test [acc: 9.82, loss: 2.3139], Train [acc: 10.38, loss: 2.3188]
Iter:69, Test [acc: 10.54, loss: 2.2852], Train [acc: 10.38, loss: 2.3105]
Iter:70, Test [acc: 15.70, loss: 2.2311], Train [acc: 10.84, loss: 2.2820]
Iter:71, Test [acc: 15.26, loss: 2.2394], Train [acc: 14.98, loss: 2.2259]
Iter:72, Test [acc: 12.68, loss: 2.2671], Train [acc: 15.00, loss: 2.2312]
Iter:73, Test [acc: 11.42, loss: 2.2750], Train [acc: 13.34, loss: 2.2636]
Iter:74, Test [acc: 18.90, loss: 2.2050], Train [acc: 11.98, loss: 2.2714]
Iter:75, Test [acc: 12.96, loss: 2.3169], Train [acc: 19.16, loss: 2.2009]
Iter:76, Test [acc: 14.34, loss: 2.2433], Train [acc: 13.04, loss: 2.3047]
Iter:77, Test [acc: 10.28, loss: 2.3067], Train [acc: 15.18, loss: 2.2402]
Iter:78, Test [acc: 10.18, loss: 2.3107], Train [acc: 10.66, loss: 2.3034]
Iter:79, Test [acc: 11.14, loss: 2.2860], Train [acc: 10.76, loss: 2.3076]
Iter:80, Test [acc: 16.06, loss: 2.2385], Train [acc: 11.72, loss: 2.2834]
Iter:81, Test [acc: 19.88, loss: 2.1940], Train [acc: 16.32, loss: 2.2369]
Iter:82, Test [acc: 15.42, loss: 2.2515], Train [acc: 20.02, loss: 2.1950]
Iter:83, Test [acc: 19.84, loss: 2.1923], Train [acc: 15.44, loss: 2.2565]
Iter:84, Test [acc: 16.74, loss: 2.2179], Train [acc: 19.80, loss: 2.1893]
Iter:85, Test [acc: 18.00, loss: 2.2106], Train [acc: 17.54, loss: 2.2106]
Iter:86, Test [acc: 20.10, loss: 2.1796], Train [acc: 18.40, loss: 2.2018]
Iter:87, Test [acc: 21.36, loss: 2.1487], Train [acc: 19.92, loss: 2.1704]
Iter:88, Test [acc: 20.62, loss: 2.1426], Train [acc: 21.94, loss: 2.1393]
Iter:89, Test [acc: 20.76, loss: 2.1349], Train [acc: 20.72, loss: 2.1313]
Iter:90, Test [acc: 21.48, loss: 2.1277], Train [acc: 21.76, loss: 2.1230]
Iter:91, Test [acc: 20.80, loss: 2.1255], Train [acc: 21.38, loss: 2.1169]
Iter:92, Test [acc: 19.46, loss: 2.1533], Train [acc: 21.56, loss: 2.1079]
Iter:93, Test [acc: 18.92, loss: 2.1470], Train [acc: 20.50, loss: 2.1249]
Iter:94, Test [acc: 22.56, loss: 2.0974], Train [acc: 19.76, loss: 2.1365]
Iter:95, Test [acc: 23.90, loss: 2.1118], Train [acc: 23.86, loss: 2.0767]
Iter:96, Test [acc: 22.02, loss: 2.0939], Train [acc: 24.54, loss: 2.0828]
Iter:97, Test [acc: 21.66, loss: 2.1042], Train [acc: 23.94, loss: 2.0782]
Iter:98, Test [acc: 24.84, loss: 2.0831], Train [acc: 23.10, loss: 2.0896]
Iter:99, Test [acc: 24.18, loss: 2.1087], Train [acc: 25.58, loss: 2.0628]
Iter:100, Test [acc: 10.26, loss: 2.3026], Train [acc: 9.96, loss: 2.3032]
Iter:200, Test [acc: 10.26, loss: 2.3025], Train [acc: 9.96, loss: 2.3031]
Iter:300, Test [acc: 10.26, loss: 2.3024], Train [acc: 9.96, loss: 2.3029]
Iter:400, Test [acc: 11.66, loss: 2.3023], Train [acc: 9.96, loss: 2.3027]
Iter:500, Test [acc: 11.50, loss: 2.3022], Train [acc: 11.50, loss: 2.3025]
Iter:600, Test [acc: 10.22, loss: 2.3022], Train [acc: 12.22, loss: 2.3023]
Iter:700, Test [acc: 10.24, loss: 2.3021], Train [acc: 10.38, loss: 2.3021]
Iter:800, Test [acc: 10.24, loss: 2.3021], Train [acc: 10.38, loss: 2.3019]
Iter:900, Test [acc: 10.24, loss: 2.3021], Train [acc: 10.38, loss: 2.3017]
Iter:1000, Test [acc: 10.24, loss: 2.3020], Train [acc: 10.38, loss: 2.3016]
Iter:1100, Test [acc: 10.86, loss: 2.3020], Train [acc: 10.38, loss: 2.3014]
Iter:1200, Test [acc: 13.60, loss: 2.3020], Train [acc: 11.20, loss: 2.3013]
Iter:1300, Test [acc: 10.60, loss: 2.3021], Train [acc: 14.50, loss: 2.3012]
Iter:1400, Test [acc: 10.14, loss: 2.3021], Train [acc: 10.94, loss: 2.3010]
Iter:1500, Test [acc: 10.08, loss: 2.3021], Train [acc: 10.40, loss: 2.3009]
Iter:1600, Test [acc: 10.08, loss: 2.3020], Train [acc: 10.40, loss: 2.3008]
Iter:1700, Test [acc: 10.10, loss: 2.3020], Train [acc: 10.40, loss: 2.3007]
Iter:1800, Test [acc: 10.16, loss: 2.3020], Train [acc: 10.40, loss: 2.3006]
Iter:1900, Test [acc: 10.20, loss: 2.3020], Train [acc: 10.42, loss: 2.3005]
Iter:2000, Test [acc: 10.26, loss: 2.3019], Train [acc: 10.46, loss: 2.3004]
Iter:2100, Test [acc: 10.48, loss: 2.3018], Train [acc: 10.58, loss: 2.3003]
Iter:2200, Test [acc: 10.60, loss: 2.3017], Train [acc: 10.66, loss: 2.3001]
Iter:2300, Test [acc: 10.66, loss: 2.3016], Train [acc: 10.78, loss: 2.3000]
Iter:2400, Test [acc: 10.82, loss: 2.3014], Train [acc: 10.86, loss: 2.2998]
Iter:2500, Test [acc: 10.92, loss: 2.3013], Train [acc: 10.96, loss: 2.2996]
Iter:2600, Test [acc: 10.96, loss: 2.3011], Train [acc: 11.04, loss: 2.2994]
Iter:2700, Test [acc: 11.06, loss: 2.3008], Train [acc: 11.02, loss: 2.2992]
Iter:2800, Test [acc: 11.14, loss: 2.3006], Train [acc: 11.30, loss: 2.2990]
Iter:2900, Test [acc: 11.24, loss: 2.3003], Train [acc: 11.24, loss: 2.2987]
Iter:3000, Test [acc: 11.34, loss: 2.2999], Train [acc: 11.38, loss: 2.2984]
Iter:3100, Test [acc: 11.44, loss: 2.2995], Train [acc: 11.48, loss: 2.2981]
Iter:3200, Test [acc: 11.42, loss: 2.2991], Train [acc: 11.46, loss: 2.2977]
Iter:3300, Test [acc: 11.44, loss: 2.2986], Train [acc: 11.48, loss: 2.2973]
Iter:3400, Test [acc: 11.40, loss: 2.2981], Train [acc: 11.56, loss: 2.2969]
Iter:3500, Test [acc: 11.40, loss: 2.2974], Train [acc: 11.54, loss: 2.2963]
Iter:3600, Test [acc: 11.38, loss: 2.2967], Train [acc: 11.54, loss: 2.2958]
Iter:3700, Test [acc: 11.44, loss: 2.2959], Train [acc: 11.54, loss: 2.2951]
Iter:3800, Test [acc: 11.72, loss: 2.2950], Train [acc: 11.56, loss: 2.2943]
Iter:3900, Test [acc: 12.10, loss: 2.2940], Train [acc: 11.72, loss: 2.2934]
Iter:4000, Test [acc: 12.48, loss: 2.2927], Train [acc: 12.08, loss: 2.2923]
Iter:4100, Test [acc: 13.04, loss: 2.2913], Train [acc: 12.46, loss: 2.2911]
Iter:4200, Test [acc: 13.96, loss: 2.2896], Train [acc: 13.16, loss: 2.2896]
Iter:4300, Test [acc: 14.82, loss: 2.2876], Train [acc: 14.32, loss: 2.2879]
Iter:4400, Test [acc: 15.58, loss: 2.2852], Train [acc: 15.44, loss: 2.2859]
Iter:4500, Test [acc: 16.12, loss: 2.2822], Train [acc: 16.04, loss: 2.2833]
Iter:4600, Test [acc: 16.64, loss: 2.2785], Train [acc: 16.80, loss: 2.2802]
Iter:4700, Test [acc: 17.18, loss: 2.2739], Train [acc: 17.16, loss: 2.2764]
Iter:4800, Test [acc: 17.64, loss: 2.2681], Train [acc: 17.46, loss: 2.2716]
Iter:4900, Test [acc: 18.20, loss: 2.2607], Train [acc: 17.48, loss: 2.2654]
Iter:5000, Test [acc: 18.52, loss: 2.2511], Train [acc: 17.80, loss: 2.2575]
Iter:5100, Test [acc: 19.22, loss: 2.2386], Train [acc: 18.52, loss: 2.2472]
Iter:5200, Test [acc: 19.88, loss: 2.2221], Train [acc: 19.48, loss: 2.2338]
Iter:5300, Test [acc: 20.36, loss: 2.2006], Train [acc: 20.32, loss: 2.2161]
Iter:5400, Test [acc: 20.06, loss: 2.1758], Train [acc: 21.08, loss: 2.1932]
Iter:5500, Test [acc: 18.12, loss: 2.2049], Train [acc: 21.30, loss: 2.1661]
Iter:5600, Test [acc: 10.24, loss: 5.2918], Train [acc: 18.74, loss: 2.1955]
Iter:5700, Test [acc: 9.82, loss: 2.3292], Train [acc: 10.24, loss: 5.2230]
Iter:5800, Test [acc: 9.82, loss: 2.3365], Train [acc: 10.38, loss: 2.3261]
Iter:5900, Test [acc: 9.82, loss: 2.3422], Train [acc: 10.38, loss: 2.3332]
Iter:6000, Test [acc: 9.82, loss: 2.3461], Train [acc: 10.38, loss: 2.3390]
Iter:6100, Test [acc: 9.82, loss: 2.3471], Train [acc: 10.38, loss: 2.3429]
Iter:6200, Test [acc: 9.82, loss: 2.3446], Train [acc: 10.38, loss: 2.3441]
Iter:6300, Test [acc: 9.82, loss: 2.3394], Train [acc: 10.38, loss: 2.3417]
Iter:6400, Test [acc: 9.82, loss: 2.3336], Train [acc: 10.38, loss: 2.3367]
Iter:6500, Test [acc: 9.82, loss: 2.3280], Train [acc: 10.38, loss: 2.3311]
Iter:6600, Test [acc: 9.82, loss: 2.3230], Train [acc: 10.38, loss: 2.3258]
Iter:6700, Test [acc: 9.82, loss: 2.3186], Train [acc: 10.38, loss: 2.3209]
Iter:6800, Test [acc: 9.82, loss: 2.3150], Train [acc: 10.38, loss: 2.3168]
Iter:6900, Test [acc: 9.82, loss: 2.3119], Train [acc: 10.38, loss: 2.3133]
Iter:7000, Test [acc: 9.50, loss: 2.3094], Train [acc: 10.38, loss: 2.3104]
Iter:7100, Test [acc: 10.30, loss: 2.3074], Train [acc: 10.18, loss: 2.3080]
Iter:7200, Test [acc: 10.12, loss: 2.3058], Train [acc: 11.24, loss: 2.3062]
Iter:7300, Test [acc: 10.14, loss: 2.3047], Train [acc: 10.38, loss: 2.3047]
Iter:7400, Test [acc: 10.24, loss: 2.3038], Train [acc: 10.38, loss: 2.3037]
Iter:7500, Test [acc: 10.24, loss: 2.3032], Train [acc: 10.50, loss: 2.3029]
Iter:7600, Test [acc: 10.24, loss: 2.3028], Train [acc: 10.38, loss: 2.3024]
Iter:7700, Test [acc: 10.24, loss: 2.3025], Train [acc: 10.38, loss: 2.3020]
Iter:7800, Test [acc: 10.24, loss: 2.3024], Train [acc: 10.38, loss: 2.3018]
Iter:7900, Test [acc: 10.24, loss: 2.3023], Train [acc: 10.38, loss: 2.3017]
Iter:8000, Test [acc: 10.86, loss: 2.3023], Train [acc: 10.38, loss: 2.3016]
Iter:8100, Test [acc: 10.08, loss: 2.3024], Train [acc: 11.06, loss: 2.3016]
Iter:8200, Test [acc: 10.08, loss: 2.3024], Train [acc: 10.40, loss: 2.3017]
Iter:8300, Test [acc: 10.08, loss: 2.3025], Train [acc: 10.40, loss: 2.3017]
Iter:8400, Test [acc: 10.08, loss: 2.3026], Train [acc: 10.40, loss: 2.3018]
Iter:8500, Test [acc: 10.08, loss: 2.3026], Train [acc: 10.40, loss: 2.3018]
Iter:8600, Test [acc: 10.08, loss: 2.3027], Train [acc: 10.40, loss: 2.3019]
Iter:8700, Test [acc: 10.08, loss: 2.3027], Train [acc: 10.40, loss: 2.3019]
Iter:8800, Test [acc: 10.08, loss: 2.3027], Train [acc: 10.40, loss: 2.3019]
Iter:8900, Test [acc: 10.08, loss: 2.3027], Train [acc: 10.40, loss: 2.3018]
Iter:9000, Test [acc: 10.08, loss: 2.3026], Train [acc: 10.40, loss: 2.3018]
Iter:9100, Test [acc: 10.08, loss: 2.3025], Train [acc: 10.40, loss: 2.3017]
Iter:9200, Test [acc: 10.08, loss: 2.3025], Train [acc: 10.40, loss: 2.3015]
Iter:9300, Test [acc: 10.08, loss: 2.3024], Train [acc: 10.40, loss: 2.3014]
Iter:9400, Test [acc: 10.08, loss: 2.3023], Train [acc: 10.40, loss: 2.3013]
Iter:9500, Test [acc: 10.08, loss: 2.3022], Train [acc: 10.40, loss: 2.3011]
Iter:9600, Test [acc: 10.08, loss: 2.3020], Train [acc: 10.40, loss: 2.3010]
Iter:9700, Test [acc: 10.08, loss: 2.3019], Train [acc: 10.40, loss: 2.3008]
Iter:9800, Test [acc: 10.08, loss: 2.3018], Train [acc: 10.40, loss: 2.3007]
Iter:9900, Test [acc: 10.08, loss: 2.3016], Train [acc: 10.40, loss: 2.3005]
Iter:10000, Test [acc: 10.08, loss: 2.3014], Train [acc: 10.40, loss: 2.3003]
Iter:10100, Test [acc: 10.08, loss: 2.3012], Train [acc: 10.40, loss: 2.3001]
Iter:10200, Test [acc: 10.12, loss: 2.3011], Train [acc: 10.40, loss: 2.2999]
Iter:10300, Test [acc: 10.40, loss: 2.3009], Train [acc: 10.40, loss: 2.2997]
Iter:10400, Test [acc: 11.48, loss: 2.3007], Train [acc: 10.74, loss: 2.2995]
Iter:10500, Test [acc: 12.30, loss: 2.3005], Train [acc: 11.70, loss: 2.2993]
Iter:10600, Test [acc: 13.38, loss: 2.3003], Train [acc: 13.16, loss: 2.2990]
Iter:10700, Test [acc: 13.98, loss: 2.3000], Train [acc: 14.38, loss: 2.2988]
Iter:10800, Test [acc: 14.56, loss: 2.2998], Train [acc: 15.20, loss: 2.2985]
Iter:10900, Test [acc: 14.86, loss: 2.2995], Train [acc: 15.30, loss: 2.2982]
Iter:11000, Test [acc: 14.86, loss: 2.2992], Train [acc: 15.24, loss: 2.2979]
Iter:11100, Test [acc: 14.80, loss: 2.2988], Train [acc: 15.48, loss: 2.2976]
Iter:11200, Test [acc: 15.08, loss: 2.2983], Train [acc: 15.54, loss: 2.2972]
Iter:11300, Test [acc: 15.18, loss: 2.2977], Train [acc: 15.46, loss: 2.2967]
Iter:11400, Test [acc: 15.06, loss: 2.2971], Train [acc: 15.54, loss: 2.2960]
Iter:11500, Test [acc: 15.08, loss: 2.2965], Train [acc: 15.50, loss: 2.2953]
Iter:11600, Test [acc: 15.32, loss: 2.2958], Train [acc: 15.52, loss: 2.2947]
Iter:11700, Test [acc: 15.04, loss: 2.2951], Train [acc: 15.46, loss: 2.2941]
Iter:11800, Test [acc: 15.32, loss: 2.2942], Train [acc: 15.46, loss: 2.2934]
Iter:11900, Test [acc: 15.14, loss: 2.2932], Train [acc: 15.40, loss: 2.2924]
Iter:12000, Test [acc: 15.44, loss: 2.2919], Train [acc: 15.04, loss: 2.2914]
Iter:12100, Test [acc: 15.64, loss: 2.2906], Train [acc: 15.58, loss: 2.2901]
Iter:12200, Test [acc: 15.56, loss: 2.2891], Train [acc: 15.38, loss: 2.2888]
Iter:12300, Test [acc: 15.60, loss: 2.2876], Train [acc: 15.42, loss: 2.2873]
Iter:12400, Test [acc: 15.66, loss: 2.2855], Train [acc: 15.26, loss: 2.2857]
Iter:12500, Test [acc: 15.64, loss: 2.2833], Train [acc: 15.58, loss: 2.2837]
Iter:12600, Test [acc: 15.66, loss: 2.2807], Train [acc: 15.56, loss: 2.2813]
Iter:12700, Test [acc: 15.44, loss: 2.2776], Train [acc: 15.56, loss: 2.2787]
Iter:12800, Test [acc: 15.62, loss: 2.2754], Train [acc: 15.70, loss: 2.2757]
Iter:12900, Test [acc: 12.20, loss: 2.2824], Train [acc: 15.16, loss: 2.2733]
Iter:13000, Test [acc: 11.80, loss: 2.2878], Train [acc: 12.82, loss: 2.2804]
Iter:13100, Test [acc: 15.30, loss: 2.2617], Train [acc: 12.06, loss: 2.2857]
Iter:13200, Test [acc: 14.72, loss: 2.2576], Train [acc: 15.90, loss: 2.2595]
Iter:13300, Test [acc: 12.70, loss: 2.2766], Train [acc: 15.06, loss: 2.2554]
Iter:13400, Test [acc: 13.00, loss: 2.2581], Train [acc: 12.82, loss: 2.2744]
Iter:13500, Test [acc: 12.62, loss: 2.2750], Train [acc: 13.42, loss: 2.2557]
Iter:13600, Test [acc: 16.30, loss: 2.2559], Train [acc: 12.80, loss: 2.2727]
Iter:13700, Test [acc: 11.72, loss: 2.2758], Train [acc: 16.82, loss: 2.2537]
Iter:13800, Test [acc: 14.64, loss: 2.2534], Train [acc: 12.06, loss: 2.2739]
Iter:13900, Test [acc: 16.62, loss: 2.2229], Train [acc: 14.62, loss: 2.2504]
Iter:14000, Test [acc: 15.76, loss: 2.2228], Train [acc: 17.24, loss: 2.2212]
Iter:14100, Test [acc: 10.46, loss: 2.3133], Train [acc: 15.90, loss: 2.2216]
Iter:14200, Test [acc: 10.28, loss: 2.3149], Train [acc: 10.78, loss: 2.3095]
Iter:14300, Test [acc: 17.04, loss: 2.2379], Train [acc: 10.66, loss: 2.3112]
Iter:14400, Test [acc: 10.38, loss: 2.5370], Train [acc: 16.88, loss: 2.2357]
Iter:14500, Test [acc: 10.14, loss: 2.3554], Train [acc: 9.98, loss: 2.5375]
Iter:14600, Test [acc: 10.14, loss: 2.3619], Train [acc: 10.38, loss: 2.3514]
Iter:14700, Test [acc: 10.14, loss: 2.3627], Train [acc: 10.38, loss: 2.3577]
Iter:14800, Test [acc: 10.14, loss: 2.3594], Train [acc: 10.38, loss: 2.3583]
Iter:14900, Test [acc: 10.14, loss: 2.3530], Train [acc: 10.38, loss: 2.3550]
Iter:15000, Test [acc: 10.10, loss: 2.3449], Train [acc: 10.38, loss: 2.3488]
Iter:15100, Test [acc: 9.82, loss: 2.3363], Train [acc: 10.36, loss: 2.3408]
Iter:15200, Test [acc: 9.82, loss: 2.3282], Train [acc: 10.38, loss: 2.3324]
Iter:15300, Test [acc: 9.82, loss: 2.3212], Train [acc: 10.38, loss: 2.3245]
Iter:15400, Test [acc: 9.82, loss: 2.3155], Train [acc: 10.38, loss: 2.3177]
Iter:15500, Test [acc: 9.82, loss: 2.3113], Train [acc: 10.38, loss: 2.3124]
Iter:15600, Test [acc: 9.82, loss: 2.3082], Train [acc: 10.38, loss: 2.3083]
Iter:15700, Test [acc: 9.82, loss: 2.3062], Train [acc: 10.38, loss: 2.3055]
Iter:15800, Test [acc: 9.82, loss: 2.3049], Train [acc: 10.38, loss: 2.3037]
Iter:15900, Test [acc: 9.76, loss: 2.3044], Train [acc: 10.38, loss: 2.3026]
Iter:16000, Test [acc: 10.08, loss: 2.3042], Train [acc: 10.10, loss: 2.3022]
Iter:16100, Test [acc: 10.08, loss: 2.3043], Train [acc: 10.40, loss: 2.3022]
Iter:16200, Test [acc: 10.08, loss: 2.3046], Train [acc: 10.40, loss: 2.3025]
Iter:16300, Test [acc: 10.08, loss: 2.3050], Train [acc: 10.40, loss: 2.3029]
Iter:16400, Test [acc: 10.08, loss: 2.3053], Train [acc: 10.40, loss: 2.3034]
Iter:16500, Test [acc: 10.08, loss: 2.3056], Train [acc: 10.40, loss: 2.3039]
Iter:16600, Test [acc: 10.08, loss: 2.3058], Train [acc: 10.40, loss: 2.3043]
Iter:16700, Test [acc: 10.08, loss: 2.3060], Train [acc: 10.40, loss: 2.3046]
Iter:16800, Test [acc: 10.08, loss: 2.3060], Train [acc: 10.40, loss: 2.3048]
Iter:16900, Test [acc: 10.08, loss: 2.3059], Train [acc: 10.40, loss: 2.3049]
Iter:17000, Test [acc: 10.08, loss: 2.3058], Train [acc: 10.40, loss: 2.3049]
Iter:17100, Test [acc: 10.08, loss: 2.3056], Train [acc: 10.40, loss: 2.3048]
Iter:17200, Test [acc: 10.08, loss: 2.3053], Train [acc: 10.40, loss: 2.3047]
Iter:17300, Test [acc: 10.08, loss: 2.3050], Train [acc: 10.40, loss: 2.3044]
Iter:17400, Test [acc: 10.08, loss: 2.3047], Train [acc: 10.40, loss: 2.3042]
Iter:17500, Test [acc: 10.08, loss: 2.3044], Train [acc: 10.40, loss: 2.3039]
Iter:17600, Test [acc: 10.08, loss: 2.3041], Train [acc: 10.40, loss: 2.3036]
Iter:17700, Test [acc: 10.08, loss: 2.3038], Train [acc: 10.40, loss: 2.3033]
Iter:17800, Test [acc: 10.08, loss: 2.3035], Train [acc: 10.40, loss: 2.3030]
Iter:17900, Test [acc: 10.08, loss: 2.3033], Train [acc: 10.40, loss: 2.3027]
Iter:18000, Test [acc: 10.08, loss: 2.3031], Train [acc: 10.40, loss: 2.3025]
Iter:18100, Test [acc: 10.08, loss: 2.3030], Train [acc: 10.40, loss: 2.3023]
Iter:18200, Test [acc: 10.08, loss: 2.3028], Train [acc: 10.40, loss: 2.3021]
Iter:18300, Test [acc: 10.08, loss: 2.3028], Train [acc: 10.40, loss: 2.3020]
Iter:18400, Test [acc: 10.08, loss: 2.3027], Train [acc: 10.40, loss: 2.3019]
Iter:18500, Test [acc: 10.08, loss: 2.3027], Train [acc: 10.40, loss: 2.3018]
Iter:18600, Test [acc: 10.40, loss: 2.3027], Train [acc: 10.40, loss: 2.3017]
Iter:18700, Test [acc: 10.60, loss: 2.3027], Train [acc: 10.44, loss: 2.3017]
Iter:18800, Test [acc: 10.14, loss: 2.3028], Train [acc: 10.76, loss: 2.3017]
Iter:18900, Test [acc: 10.14, loss: 2.3028], Train [acc: 10.38, loss: 2.3017]
Iter:19000, Test [acc: 10.14, loss: 2.3028], Train [acc: 10.38, loss: 2.3017]
Iter:19100, Test [acc: 10.14, loss: 2.3029], Train [acc: 10.38, loss: 2.3017]
Iter:19200, Test [acc: 10.14, loss: 2.3029], Train [acc: 10.38, loss: 2.3017]
Iter:19300, Test [acc: 10.14, loss: 2.3030], Train [acc: 10.38, loss: 2.3017]
Iter:19400, Test [acc: 10.14, loss: 2.3030], Train [acc: 10.38, loss: 2.3017]
Iter:19500, Test [acc: 10.14, loss: 2.3030], Train [acc: 10.38, loss: 2.3017]
Iter:19600, Test [acc: 10.14, loss: 2.3031], Train [acc: 10.38, loss: 2.3017]
Iter:19700, Test [acc: 10.14, loss: 2.3031], Train [acc: 10.38, loss: 2.3017]
Iter:19800, Test [acc: 10.14, loss: 2.3031], Train [acc: 10.38, loss: 2.3017]
Iter:19900, Test [acc: 10.14, loss: 2.3031], Train [acc: 10.38, loss: 2.3017]
Iter:20000, Test [acc: 10.14, loss: 2.3031], Train [acc: 10.38, loss: 2.3017]
Iter:20100, Test [acc: 10.14, loss: 2.3031], Train [acc: 10.38, loss: 2.3016]
Iter:20200, Test [acc: 10.14, loss: 2.3031], Train [acc: 10.38, loss: 2.3016]
Iter:20300, Test [acc: 10.14, loss: 2.3031], Train [acc: 10.38, loss: 2.3016]
Iter:20400, Test [acc: 10.14, loss: 2.3031], Train [acc: 10.38, loss: 2.3016]
Iter:20500, Test [acc: 10.14, loss: 2.3030], Train [acc: 10.38, loss: 2.3015]
Iter:20600, Test [acc: 10.90, loss: 2.3030], Train [acc: 10.38, loss: 2.3015]
Iter:20700, Test [acc: 9.82, loss: 2.3030], Train [acc: 11.78, loss: 2.3015]
Iter:20800, Test [acc: 9.82, loss: 2.3030], Train [acc: 10.38, loss: 2.3015]
Iter:20900, Test [acc: 9.82, loss: 2.3030], Train [acc: 10.38, loss: 2.3015]
Iter:21000, Test [acc: 9.82, loss: 2.3030], Train [acc: 10.38, loss: 2.3014]
Iter:21100, Test [acc: 9.82, loss: 2.3029], Train [acc: 10.38, loss: 2.3014]
Iter:21200, Test [acc: 10.30, loss: 2.3029], Train [acc: 10.38, loss: 2.3014]
Iter:21300, Test [acc: 12.22, loss: 2.3029], Train [acc: 11.00, loss: 2.3014]
Iter:21400, Test [acc: 13.88, loss: 2.3029], Train [acc: 13.00, loss: 2.3014]
Iter:21500, Test [acc: 13.94, loss: 2.3029], Train [acc: 14.48, loss: 2.3014]
Iter:21600, Test [acc: 13.14, loss: 2.3029], Train [acc: 14.68, loss: 2.3014]
Iter:21700, Test [acc: 12.12, loss: 2.3028], Train [acc: 14.12, loss: 2.3013]
Iter:21800, Test [acc: 11.42, loss: 2.3028], Train [acc: 12.84, loss: 2.3013]
Iter:21900, Test [acc: 10.96, loss: 2.3028], Train [acc: 11.82, loss: 2.3013]
Iter:22000, Test [acc: 10.68, loss: 2.3028], Train [acc: 11.20, loss: 2.3013]
Iter:22100, Test [acc: 10.42, loss: 2.3027], Train [acc: 11.02, loss: 2.3013]
Iter:22200, Test [acc: 10.30, loss: 2.3027], Train [acc: 10.72, loss: 2.3013]
Iter:22300, Test [acc: 10.28, loss: 2.3027], Train [acc: 10.62, loss: 2.3012]
Iter:22400, Test [acc: 10.26, loss: 2.3027], Train [acc: 10.60, loss: 2.3012]
Iter:22500, Test [acc: 10.28, loss: 2.3026], Train [acc: 10.60, loss: 2.3012]
Iter:22600, Test [acc: 10.30, loss: 2.3026], Train [acc: 10.60, loss: 2.3012]
Iter:22700, Test [acc: 10.40, loss: 2.3026], Train [acc: 10.62, loss: 2.3012]
Iter:22800, Test [acc: 10.52, loss: 2.3026], Train [acc: 10.68, loss: 2.3011]
Iter:22900, Test [acc: 10.70, loss: 2.3025], Train [acc: 10.90, loss: 2.3011]
Iter:23000, Test [acc: 10.92, loss: 2.3025], Train [acc: 11.00, loss: 2.3011]
Iter:23100, Test [acc: 11.10, loss: 2.3025], Train [acc: 11.22, loss: 2.3011]
Iter:23200, Test [acc: 11.44, loss: 2.3025], Train [acc: 11.40, loss: 2.3011]
Iter:23300, Test [acc: 11.74, loss: 2.3024], Train [acc: 11.80, loss: 2.3010]
Iter:23400, Test [acc: 12.32, loss: 2.3024], Train [acc: 12.34, loss: 2.3010]
Iter:23500, Test [acc: 12.74, loss: 2.3024], Train [acc: 13.22, loss: 2.3010]
Iter:23600, Test [acc: 13.40, loss: 2.3023], Train [acc: 13.78, loss: 2.3009]
Iter:23700, Test [acc: 13.64, loss: 2.3023], Train [acc: 13.80, loss: 2.3009]
Iter:23800, Test [acc: 13.92, loss: 2.3023], Train [acc: 14.14, loss: 2.3009]
Iter:23900, Test [acc: 14.04, loss: 2.3022], Train [acc: 14.16, loss: 2.3009]
Iter:24000, Test [acc: 14.52, loss: 2.3022], Train [acc: 14.14, loss: 2.3008]
Iter:24100, Test [acc: 14.60, loss: 2.3022], Train [acc: 14.62, loss: 2.3008]
Iter:24200, Test [acc: 14.58, loss: 2.3021], Train [acc: 15.00, loss: 2.3008]
Iter:24300, Test [acc: 14.74, loss: 2.3021], Train [acc: 15.00, loss: 2.3007]
Iter:24400, Test [acc: 14.94, loss: 2.3021], Train [acc: 15.00, loss: 2.3007]
Iter:24500, Test [acc: 15.16, loss: 2.3020], Train [acc: 15.08, loss: 2.3006]
Iter:24600, Test [acc: 15.08, loss: 2.3020], Train [acc: 15.14, loss: 2.3006]
Iter:24700, Test [acc: 15.12, loss: 2.3020], Train [acc: 15.12, loss: 2.3006]
Iter:24800, Test [acc: 15.10, loss: 2.3019], Train [acc: 15.10, loss: 2.3005]
Iter:24900, Test [acc: 15.16, loss: 2.3019], Train [acc: 15.06, loss: 2.3005]
Iter:25000, Test [acc: 15.12, loss: 2.3018], Train [acc: 15.04, loss: 2.3004]
Iter:25100, Test [acc: 15.10, loss: 2.3018], Train [acc: 15.02, loss: 2.3004]
Iter:25200, Test [acc: 15.02, loss: 2.3017], Train [acc: 15.06, loss: 2.3003]
Iter:25300, Test [acc: 14.96, loss: 2.3017], Train [acc: 15.00, loss: 2.3002]
Iter:25400, Test [acc: 14.96, loss: 2.3016], Train [acc: 15.02, loss: 2.3002]
Iter:25500, Test [acc: 14.90, loss: 2.3015], Train [acc: 15.02, loss: 2.3001]
Iter:25600, Test [acc: 15.00, loss: 2.3015], Train [acc: 15.02, loss: 2.3000]
Iter:25700, Test [acc: 15.20, loss: 2.3014], Train [acc: 15.22, loss: 2.2999]
Iter:25800, Test [acc: 15.38, loss: 2.3013], Train [acc: 15.38, loss: 2.2999]
Iter:25900, Test [acc: 15.70, loss: 2.3012], Train [acc: 15.42, loss: 2.2998]
Iter:26000, Test [acc: 15.72, loss: 2.3011], Train [acc: 15.68, loss: 2.2997]
Iter:26100, Test [acc: 15.62, loss: 2.3010], Train [acc: 16.18, loss: 2.2996]
Iter:26200, Test [acc: 15.34, loss: 2.3010], Train [acc: 16.50, loss: 2.2995]
Iter:26300, Test [acc: 15.70, loss: 2.3008], Train [acc: 16.28, loss: 2.2994]
Iter:26400, Test [acc: 15.48, loss: 2.3007], Train [acc: 16.04, loss: 2.2993]
Iter:26500, Test [acc: 15.48, loss: 2.3006], Train [acc: 15.80, loss: 2.2992]
Iter:26600, Test [acc: 15.60, loss: 2.3005], Train [acc: 15.88, loss: 2.2990]
Iter:26700, Test [acc: 15.62, loss: 2.3004], Train [acc: 15.84, loss: 2.2989]
Iter:26800, Test [acc: 15.52, loss: 2.3002], Train [acc: 15.78, loss: 2.2987]
Iter:26900, Test [acc: 15.60, loss: 2.3001], Train [acc: 15.78, loss: 2.2986]
Iter:27000, Test [acc: 15.54, loss: 2.2999], Train [acc: 15.78, loss: 2.2984]
Iter:27100, Test [acc: 15.70, loss: 2.2997], Train [acc: 15.84, loss: 2.2982]
Iter:27200, Test [acc: 15.74, loss: 2.2995], Train [acc: 16.02, loss: 2.2980]
Iter:27300, Test [acc: 15.56, loss: 2.2993], Train [acc: 16.00, loss: 2.2978]
Iter:27400, Test [acc: 15.42, loss: 2.2991], Train [acc: 16.10, loss: 2.2976]
Iter:27500, Test [acc: 15.46, loss: 2.2988], Train [acc: 16.14, loss: 2.2974]
Iter:27600, Test [acc: 15.48, loss: 2.2986], Train [acc: 16.10, loss: 2.2971]
Iter:27700, Test [acc: 15.52, loss: 2.2983], Train [acc: 16.16, loss: 2.2968]
Iter:27800, Test [acc: 15.58, loss: 2.2979], Train [acc: 16.06, loss: 2.2965]
Iter:27900, Test [acc: 15.60, loss: 2.2976], Train [acc: 15.82, loss: 2.2961]
Iter:28000, Test [acc: 15.54, loss: 2.2972], Train [acc: 15.50, loss: 2.2958]
Iter:28100, Test [acc: 15.38, loss: 2.2968], Train [acc: 15.28, loss: 2.2953]
Iter:28200, Test [acc: 15.46, loss: 2.2963], Train [acc: 15.28, loss: 2.2949]
Iter:28300, Test [acc: 15.24, loss: 2.2959], Train [acc: 15.06, loss: 2.2944]
Iter:28400, Test [acc: 15.24, loss: 2.2954], Train [acc: 15.16, loss: 2.2939]
Iter:28500, Test [acc: 15.06, loss: 2.2948], Train [acc: 14.98, loss: 2.2934]
Iter:28600, Test [acc: 14.98, loss: 2.2942], Train [acc: 14.94, loss: 2.2928]
Iter:28700, Test [acc: 14.86, loss: 2.2935], Train [acc: 14.96, loss: 2.2921]
Iter:28800, Test [acc: 14.90, loss: 2.2928], Train [acc: 14.94, loss: 2.2914]
Iter:28900, Test [acc: 14.90, loss: 2.2920], Train [acc: 14.96, loss: 2.2906]
Iter:29000, Test [acc: 14.98, loss: 2.2911], Train [acc: 14.88, loss: 2.2897]
Iter:29100, Test [acc: 15.04, loss: 2.2902], Train [acc: 14.80, loss: 2.2888]
Iter:29200, Test [acc: 15.10, loss: 2.2891], Train [acc: 14.74, loss: 2.2878]
Iter:29300, Test [acc: 15.08, loss: 2.2879], Train [acc: 14.72, loss: 2.2866]
Iter:29400, Test [acc: 15.04, loss: 2.2867], Train [acc: 14.62, loss: 2.2854]
Iter:29500, Test [acc: 14.98, loss: 2.2852], Train [acc: 14.54, loss: 2.2840]
Iter:29600, Test [acc: 15.04, loss: 2.2837], Train [acc: 14.60, loss: 2.2825]
Iter:29700, Test [acc: 15.02, loss: 2.2820], Train [acc: 14.68, loss: 2.2808]
Iter:29800, Test [acc: 15.08, loss: 2.2801], Train [acc: 14.78, loss: 2.2790]
Iter:29900, Test [acc: 15.08, loss: 2.2782], Train [acc: 14.72, loss: 2.2769]
