Iter:0, Test [acc: 9.72, loss: 2.3029], Train [acc: 9.00, loss: 2.3032]
Iter:1, Test [acc: 9.76, loss: 2.3027], Train [acc: 8.00, loss: 2.3051]
Iter:2, Test [acc: 9.76, loss: 2.3025], Train [acc: 11.00, loss: 2.3008]
Iter:3, Test [acc: 9.40, loss: 2.3023], Train [acc: 7.00, loss: 2.3042]
Iter:4, Test [acc: 10.08, loss: 2.3023], Train [acc: 16.00, loss: 2.2959]
Iter:5, Test [acc: 10.08, loss: 2.3024], Train [acc: 6.00, loss: 2.2997]
Iter:6, Test [acc: 10.08, loss: 2.3026], Train [acc: 9.00, loss: 2.3007]
Iter:7, Test [acc: 10.08, loss: 2.3030], Train [acc: 10.00, loss: 2.2964]
Iter:8, Test [acc: 10.08, loss: 2.3034], Train [acc: 10.00, loss: 2.3022]
Iter:9, Test [acc: 10.08, loss: 2.3039], Train [acc: 8.00, loss: 2.3002]
Iter:10, Test [acc: 15.10, loss: 2.3046], Train [acc: 21.00, loss: 2.2921]
Iter:11, Test [acc: 9.82, loss: 2.3052], Train [acc: 12.00, loss: 2.2994]
Iter:12, Test [acc: 9.82, loss: 2.3056], Train [acc: 8.00, loss: 2.3088]
Iter:13, Test [acc: 9.82, loss: 2.3059], Train [acc: 10.00, loss: 2.3030]
Iter:14, Test [acc: 9.82, loss: 2.3060], Train [acc: 11.00, loss: 2.3027]
Iter:15, Test [acc: 9.82, loss: 2.3061], Train [acc: 12.00, loss: 2.3037]
Iter:16, Test [acc: 9.82, loss: 2.3060], Train [acc: 10.00, loss: 2.2972]
Iter:17, Test [acc: 9.82, loss: 2.3055], Train [acc: 7.00, loss: 2.3261]
Iter:18, Test [acc: 9.82, loss: 2.3055], Train [acc: 20.00, loss: 2.2868]
Iter:19, Test [acc: 9.82, loss: 2.3058], Train [acc: 14.00, loss: 2.2849]
Iter:20, Test [acc: 9.82, loss: 2.3065], Train [acc: 15.00, loss: 2.2881]
Iter:21, Test [acc: 9.82, loss: 2.3066], Train [acc: 6.00, loss: 2.3133]
Iter:22, Test [acc: 9.82, loss: 2.3062], Train [acc: 7.00, loss: 2.3148]
Iter:23, Test [acc: 9.82, loss: 2.3055], Train [acc: 7.00, loss: 2.3136]
Iter:24, Test [acc: 10.14, loss: 2.3050], Train [acc: 15.00, loss: 2.2872]
Iter:25, Test [acc: 10.14, loss: 2.3040], Train [acc: 7.00, loss: 2.3165]
Iter:26, Test [acc: 10.14, loss: 2.3024], Train [acc: 4.00, loss: 2.3261]
Iter:27, Test [acc: 10.14, loss: 2.3013], Train [acc: 17.00, loss: 2.2901]
Iter:28, Test [acc: 10.14, loss: 2.3001], Train [acc: 6.00, loss: 2.2998]
Iter:29, Test [acc: 10.22, loss: 2.2991], Train [acc: 11.00, loss: 2.3016]
Iter:30, Test [acc: 15.54, loss: 2.2983], Train [acc: 14.00, loss: 2.3005]
Iter:31, Test [acc: 13.38, loss: 2.2977], Train [acc: 15.00, loss: 2.2845]
Iter:32, Test [acc: 11.30, loss: 2.2969], Train [acc: 7.00, loss: 2.3068]
Iter:33, Test [acc: 10.58, loss: 2.2963], Train [acc: 6.00, loss: 2.2931]
Iter:34, Test [acc: 13.50, loss: 2.2963], Train [acc: 16.00, loss: 2.2826]
Iter:35, Test [acc: 9.80, loss: 2.2972], Train [acc: 12.00, loss: 2.2820]
Iter:36, Test [acc: 9.80, loss: 2.2969], Train [acc: 8.00, loss: 2.3031]
Iter:37, Test [acc: 9.82, loss: 2.2959], Train [acc: 10.00, loss: 2.2922]
Iter:38, Test [acc: 9.86, loss: 2.2945], Train [acc: 11.00, loss: 2.2975]
Iter:39, Test [acc: 9.94, loss: 2.2933], Train [acc: 13.00, loss: 2.2902]
Iter:40, Test [acc: 10.68, loss: 2.2921], Train [acc: 10.00, loss: 2.2944]
Iter:41, Test [acc: 12.92, loss: 2.2920], Train [acc: 23.00, loss: 2.2687]
Iter:42, Test [acc: 13.12, loss: 2.2910], Train [acc: 19.00, loss: 2.2839]
Iter:43, Test [acc: 13.10, loss: 2.2881], Train [acc: 14.00, loss: 2.2804]
Iter:44, Test [acc: 12.90, loss: 2.2845], Train [acc: 13.00, loss: 2.2711]
Iter:45, Test [acc: 12.88, loss: 2.2804], Train [acc: 15.00, loss: 2.2742]
Iter:46, Test [acc: 11.46, loss: 2.2745], Train [acc: 12.00, loss: 2.2651]
Iter:47, Test [acc: 12.30, loss: 2.2669], Train [acc: 7.00, loss: 2.2731]
Iter:48, Test [acc: 13.68, loss: 2.2585], Train [acc: 14.00, loss: 2.2531]
Iter:49, Test [acc: 16.58, loss: 2.2491], Train [acc: 18.00, loss: 2.2381]
Iter:50, Test [acc: 17.18, loss: 2.2410], Train [acc: 19.00, loss: 2.2165]
Iter:51, Test [acc: 17.28, loss: 2.2237], Train [acc: 26.00, loss: 2.1741]
Iter:52, Test [acc: 11.74, loss: 2.3952], Train [acc: 10.00, loss: 2.3050]
Iter:53, Test [acc: 10.14, loss: 2.3244], Train [acc: 13.00, loss: 2.2745]
Iter:54, Test [acc: 10.14, loss: 2.3295], Train [acc: 11.00, loss: 2.2927]
Iter:55, Test [acc: 10.14, loss: 2.3335], Train [acc: 15.00, loss: 2.3247]
Iter:56, Test [acc: 10.14, loss: 2.3341], Train [acc: 6.00, loss: 2.3552]
Iter:57, Test [acc: 10.14, loss: 2.3310], Train [acc: 12.00, loss: 2.3430]
Iter:58, Test [acc: 10.14, loss: 2.3258], Train [acc: 12.00, loss: 2.3278]
Iter:59, Test [acc: 10.14, loss: 2.3209], Train [acc: 14.00, loss: 2.2995]
Iter:60, Test [acc: 10.14, loss: 2.3153], Train [acc: 6.00, loss: 2.3425]
Iter:61, Test [acc: 10.14, loss: 2.3118], Train [acc: 11.00, loss: 2.2810]
Iter:62, Test [acc: 11.42, loss: 2.3089], Train [acc: 7.00, loss: 2.3264]
Iter:63, Test [acc: 10.26, loss: 2.3065], Train [acc: 9.00, loss: 2.3064]
Iter:64, Test [acc: 10.24, loss: 2.3045], Train [acc: 9.00, loss: 2.2983]
Iter:65, Test [acc: 12.00, loss: 2.3029], Train [acc: 11.00, loss: 2.3041]
Iter:66, Test [acc: 9.98, loss: 2.3027], Train [acc: 7.00, loss: 2.3012]
Iter:67, Test [acc: 9.78, loss: 2.3040], Train [acc: 11.00, loss: 2.2932]
Iter:68, Test [acc: 9.76, loss: 2.3021], Train [acc: 12.00, loss: 2.3126]
Iter:69, Test [acc: 10.04, loss: 2.3009], Train [acc: 13.00, loss: 2.2956]
Iter:70, Test [acc: 10.08, loss: 2.3015], Train [acc: 11.00, loss: 2.2917]
Iter:71, Test [acc: 10.08, loss: 2.3017], Train [acc: 8.00, loss: 2.3025]
Iter:72, Test [acc: 10.08, loss: 2.3027], Train [acc: 13.00, loss: 2.2805]
Iter:73, Test [acc: 10.08, loss: 2.3021], Train [acc: 6.00, loss: 2.3146]
Iter:74, Test [acc: 10.08, loss: 2.3013], Train [acc: 8.00, loss: 2.3008]
Iter:75, Test [acc: 10.08, loss: 2.3012], Train [acc: 15.00, loss: 2.2899]
Iter:76, Test [acc: 10.08, loss: 2.3016], Train [acc: 10.00, loss: 2.2877]
Iter:77, Test [acc: 9.64, loss: 2.3017], Train [acc: 12.00, loss: 2.2934]
Iter:78, Test [acc: 9.92, loss: 2.3015], Train [acc: 6.00, loss: 2.3009]
Iter:79, Test [acc: 9.94, loss: 2.3007], Train [acc: 10.00, loss: 2.2943]
Iter:80, Test [acc: 10.42, loss: 2.3002], Train [acc: 13.00, loss: 2.2904]
Iter:81, Test [acc: 11.50, loss: 2.3000], Train [acc: 8.00, loss: 2.2954]
Iter:82, Test [acc: 12.38, loss: 2.2998], Train [acc: 13.00, loss: 2.2966]
Iter:83, Test [acc: 10.46, loss: 2.2996], Train [acc: 18.00, loss: 2.2884]
Iter:84, Test [acc: 10.62, loss: 2.2978], Train [acc: 8.00, loss: 2.2994]
Iter:85, Test [acc: 10.60, loss: 2.2959], Train [acc: 14.00, loss: 2.2912]
Iter:86, Test [acc: 11.82, loss: 2.2936], Train [acc: 14.00, loss: 2.2725]
Iter:87, Test [acc: 12.20, loss: 2.2928], Train [acc: 18.00, loss: 2.2842]
Iter:88, Test [acc: 12.82, loss: 2.2941], Train [acc: 16.00, loss: 2.2606]
Iter:89, Test [acc: 14.04, loss: 2.2849], Train [acc: 15.00, loss: 2.2906]
Iter:90, Test [acc: 15.30, loss: 2.2807], Train [acc: 17.00, loss: 2.2719]
Iter:91, Test [acc: 14.10, loss: 2.2776], Train [acc: 21.00, loss: 2.2660]
Iter:92, Test [acc: 12.44, loss: 2.2818], Train [acc: 12.00, loss: 2.2739]
Iter:93, Test [acc: 15.38, loss: 2.2610], Train [acc: 15.00, loss: 2.2413]
Iter:94, Test [acc: 14.96, loss: 2.2620], Train [acc: 17.00, loss: 2.2510]
Iter:95, Test [acc: 13.04, loss: 2.2817], Train [acc: 16.00, loss: 2.2605]
Iter:96, Test [acc: 15.46, loss: 2.2442], Train [acc: 12.00, loss: 2.2738]
Iter:97, Test [acc: 11.84, loss: 2.2965], Train [acc: 9.00, loss: 2.2773]
Iter:98, Test [acc: 15.08, loss: 2.2828], Train [acc: 24.00, loss: 2.2248]
Iter:99, Test [acc: 11.70, loss: 2.2874], Train [acc: 18.00, loss: 2.2483]
