Iter:0, Test [acc: 9.80, loss: 2.3031], Train [acc: 9.58, loss: 2.3032]
Iter:100, Test [acc: 9.90, loss: 2.3030], Train [acc: 9.62, loss: 2.3032]
Iter:200, Test [acc: 9.60, loss: 2.3028], Train [acc: 9.48, loss: 2.3030]
Iter:300, Test [acc: 9.84, loss: 2.3027], Train [acc: 9.58, loss: 2.3029]
Iter:400, Test [acc: 10.08, loss: 2.3026], Train [acc: 9.74, loss: 2.3026]
Iter:500, Test [acc: 10.08, loss: 2.3025], Train [acc: 10.42, loss: 2.3024]
Iter:600, Test [acc: 10.08, loss: 2.3023], Train [acc: 10.40, loss: 2.3022]
Iter:700, Test [acc: 10.08, loss: 2.3022], Train [acc: 10.40, loss: 2.3020]
Iter:800, Test [acc: 10.08, loss: 2.3021], Train [acc: 10.40, loss: 2.3017]
Iter:900, Test [acc: 10.08, loss: 2.3020], Train [acc: 10.40, loss: 2.3015]
Iter:1000, Test [acc: 10.08, loss: 2.3020], Train [acc: 10.40, loss: 2.3013]
Iter:1100, Test [acc: 10.08, loss: 2.3019], Train [acc: 10.40, loss: 2.3011]
Iter:1200, Test [acc: 10.08, loss: 2.3018], Train [acc: 10.40, loss: 2.3010]
Iter:1300, Test [acc: 10.08, loss: 2.3018], Train [acc: 10.40, loss: 2.3008]
Iter:1400, Test [acc: 10.08, loss: 2.3017], Train [acc: 10.40, loss: 2.3006]
Iter:1500, Test [acc: 10.08, loss: 2.3016], Train [acc: 10.40, loss: 2.3005]
Iter:1600, Test [acc: 10.10, loss: 2.3015], Train [acc: 10.40, loss: 2.3003]
Iter:1700, Test [acc: 10.38, loss: 2.3014], Train [acc: 10.40, loss: 2.3001]
Iter:1800, Test [acc: 10.98, loss: 2.3013], Train [acc: 10.74, loss: 2.3000]
Iter:1900, Test [acc: 12.22, loss: 2.3012], Train [acc: 11.48, loss: 2.2998]
Iter:2000, Test [acc: 13.74, loss: 2.3010], Train [acc: 13.04, loss: 2.2996]
Iter:2100, Test [acc: 15.06, loss: 2.3008], Train [acc: 14.56, loss: 2.2994]
Iter:2200, Test [acc: 15.98, loss: 2.3006], Train [acc: 15.60, loss: 2.2991]
Iter:2300, Test [acc: 16.58, loss: 2.3003], Train [acc: 16.40, loss: 2.2989]
Iter:2400, Test [acc: 16.68, loss: 2.3000], Train [acc: 16.82, loss: 2.2986]
Iter:2500, Test [acc: 16.64, loss: 2.2997], Train [acc: 17.14, loss: 2.2983]
Iter:2600, Test [acc: 16.50, loss: 2.2993], Train [acc: 17.16, loss: 2.2979]
Iter:2700, Test [acc: 16.28, loss: 2.2988], Train [acc: 16.98, loss: 2.2975]
Iter:2800, Test [acc: 16.28, loss: 2.2983], Train [acc: 16.76, loss: 2.2970]
Iter:2900, Test [acc: 16.28, loss: 2.2976], Train [acc: 16.78, loss: 2.2964]
Iter:3000, Test [acc: 16.62, loss: 2.2969], Train [acc: 16.66, loss: 2.2958]
Iter:3100, Test [acc: 16.62, loss: 2.2961], Train [acc: 16.86, loss: 2.2951]
Iter:3200, Test [acc: 16.84, loss: 2.2951], Train [acc: 17.24, loss: 2.2942]
Iter:3300, Test [acc: 17.50, loss: 2.2939], Train [acc: 17.38, loss: 2.2932]
Iter:3400, Test [acc: 17.52, loss: 2.2924], Train [acc: 17.62, loss: 2.2920]
Iter:3500, Test [acc: 17.28, loss: 2.2907], Train [acc: 17.80, loss: 2.2905]
Iter:3600, Test [acc: 17.48, loss: 2.2886], Train [acc: 18.18, loss: 2.2887]
Iter:3700, Test [acc: 16.80, loss: 2.2860], Train [acc: 17.72, loss: 2.2866]
Iter:3800, Test [acc: 16.76, loss: 2.2827], Train [acc: 17.50, loss: 2.2839]
Iter:3900, Test [acc: 16.46, loss: 2.2785], Train [acc: 16.80, loss: 2.2805]
Iter:4000, Test [acc: 16.22, loss: 2.2730], Train [acc: 16.82, loss: 2.2762]
Iter:4100, Test [acc: 15.84, loss: 2.2656], Train [acc: 16.66, loss: 2.2704]
Iter:4200, Test [acc: 15.70, loss: 2.2554], Train [acc: 17.00, loss: 2.2627]
Iter:4300, Test [acc: 16.04, loss: 2.2409], Train [acc: 17.16, loss: 2.2521]
Iter:4400, Test [acc: 17.86, loss: 2.2202], Train [acc: 17.52, loss: 2.2370]
Iter:4500, Test [acc: 17.08, loss: 2.1930], Train [acc: 19.44, loss: 2.2153]
Iter:4600, Test [acc: 10.48, loss: 2.3365], Train [acc: 17.80, loss: 2.1861]
Iter:4700, Test [acc: 9.58, loss: 3.6817], Train [acc: 10.90, loss: 2.3294]
Iter:4800, Test [acc: 9.82, loss: 2.3146], Train [acc: 9.80, loss: 3.6508]
Iter:4900, Test [acc: 9.82, loss: 2.3178], Train [acc: 10.38, loss: 2.3123]
Iter:5000, Test [acc: 9.82, loss: 2.3200], Train [acc: 10.38, loss: 2.3157]
Iter:5100, Test [acc: 9.82, loss: 2.3213], Train [acc: 10.38, loss: 2.3181]
Iter:5200, Test [acc: 9.82, loss: 2.3217], Train [acc: 10.38, loss: 2.3196]
Iter:5300, Test [acc: 9.82, loss: 2.3211], Train [acc: 10.38, loss: 2.3201]
Iter:5400, Test [acc: 9.82, loss: 2.3196], Train [acc: 10.38, loss: 2.3196]
Iter:5500, Test [acc: 9.82, loss: 2.3176], Train [acc: 10.38, loss: 2.3183]
Iter:5600, Test [acc: 9.82, loss: 2.3152], Train [acc: 10.38, loss: 2.3163]
Iter:5700, Test [acc: 9.82, loss: 2.3128], Train [acc: 10.38, loss: 2.3139]
Iter:5800, Test [acc: 9.82, loss: 2.3106], Train [acc: 10.38, loss: 2.3116]
Iter:5900, Test [acc: 9.82, loss: 2.3088], Train [acc: 10.38, loss: 2.3095]
Iter:6000, Test [acc: 9.82, loss: 2.3073], Train [acc: 10.38, loss: 2.3078]
Iter:6100, Test [acc: 9.82, loss: 2.3060], Train [acc: 10.38, loss: 2.3063]
Iter:6200, Test [acc: 9.80, loss: 2.3049], Train [acc: 10.38, loss: 2.3050]
Iter:6300, Test [acc: 10.48, loss: 2.3042], Train [acc: 10.40, loss: 2.3040]
Iter:6400, Test [acc: 10.62, loss: 2.3036], Train [acc: 10.94, loss: 2.3033]
Iter:6500, Test [acc: 10.24, loss: 2.3032], Train [acc: 10.88, loss: 2.3027]
Iter:6600, Test [acc: 10.24, loss: 2.3029], Train [acc: 10.38, loss: 2.3023]
Iter:6700, Test [acc: 10.24, loss: 2.3028], Train [acc: 10.38, loss: 2.3021]
Iter:6800, Test [acc: 10.10, loss: 2.3027], Train [acc: 10.38, loss: 2.3019]
Iter:6900, Test [acc: 10.08, loss: 2.3027], Train [acc: 10.40, loss: 2.3019]
Iter:7000, Test [acc: 10.08, loss: 2.3028], Train [acc: 10.40, loss: 2.3019]
Iter:7100, Test [acc: 10.08, loss: 2.3029], Train [acc: 10.40, loss: 2.3019]
Iter:7200, Test [acc: 10.08, loss: 2.3030], Train [acc: 10.40, loss: 2.3020]
Iter:7300, Test [acc: 10.08, loss: 2.3030], Train [acc: 10.40, loss: 2.3020]
Iter:7400, Test [acc: 10.08, loss: 2.3031], Train [acc: 10.40, loss: 2.3021]
Iter:7500, Test [acc: 10.08, loss: 2.3032], Train [acc: 10.40, loss: 2.3022]
Iter:7600, Test [acc: 10.08, loss: 2.3033], Train [acc: 10.40, loss: 2.3022]
Iter:7700, Test [acc: 10.08, loss: 2.3033], Train [acc: 10.40, loss: 2.3022]
Iter:7800, Test [acc: 10.08, loss: 2.3034], Train [acc: 10.40, loss: 2.3023]
Iter:7900, Test [acc: 10.08, loss: 2.3034], Train [acc: 10.40, loss: 2.3023]
Iter:8000, Test [acc: 10.08, loss: 2.3034], Train [acc: 10.40, loss: 2.3022]
Iter:8100, Test [acc: 10.08, loss: 2.3034], Train [acc: 10.40, loss: 2.3022]
Iter:8200, Test [acc: 10.08, loss: 2.3034], Train [acc: 10.40, loss: 2.3022]
Iter:8300, Test [acc: 10.08, loss: 2.3033], Train [acc: 10.40, loss: 2.3021]
Iter:8400, Test [acc: 10.08, loss: 2.3033], Train [acc: 10.40, loss: 2.3020]
Iter:8500, Test [acc: 10.08, loss: 2.3033], Train [acc: 10.40, loss: 2.3020]
Iter:8600, Test [acc: 10.08, loss: 2.3032], Train [acc: 10.40, loss: 2.3019]
Iter:8700, Test [acc: 10.08, loss: 2.3032], Train [acc: 10.40, loss: 2.3019]
Iter:8800, Test [acc: 10.08, loss: 2.3031], Train [acc: 10.40, loss: 2.3018]
Iter:8900, Test [acc: 10.08, loss: 2.3031], Train [acc: 10.40, loss: 2.3017]
Iter:9000, Test [acc: 10.08, loss: 2.3031], Train [acc: 10.40, loss: 2.3017]
Iter:9100, Test [acc: 10.08, loss: 2.3030], Train [acc: 10.40, loss: 2.3016]
Iter:9200, Test [acc: 10.08, loss: 2.3030], Train [acc: 10.40, loss: 2.3016]
Iter:9300, Test [acc: 10.08, loss: 2.3030], Train [acc: 10.40, loss: 2.3015]
Iter:9400, Test [acc: 10.08, loss: 2.3029], Train [acc: 10.40, loss: 2.3015]
Iter:9500, Test [acc: 10.08, loss: 2.3029], Train [acc: 10.40, loss: 2.3015]
Iter:9600, Test [acc: 10.08, loss: 2.3029], Train [acc: 10.40, loss: 2.3014]
Iter:9700, Test [acc: 13.26, loss: 2.3029], Train [acc: 10.40, loss: 2.3014]
Iter:9800, Test [acc: 11.10, loss: 2.3029], Train [acc: 14.44, loss: 2.3014]
Iter:9900, Test [acc: 9.82, loss: 2.3028], Train [acc: 11.62, loss: 2.3014]
Iter:10000, Test [acc: 9.82, loss: 2.3028], Train [acc: 10.38, loss: 2.3014]
Iter:10100, Test [acc: 9.82, loss: 2.3028], Train [acc: 10.38, loss: 2.3013]
Iter:10200, Test [acc: 9.82, loss: 2.3028], Train [acc: 10.38, loss: 2.3013]
Iter:10300, Test [acc: 9.82, loss: 2.3028], Train [acc: 10.38, loss: 2.3013]
Iter:10400, Test [acc: 9.82, loss: 2.3027], Train [acc: 10.38, loss: 2.3013]
Iter:10500, Test [acc: 9.82, loss: 2.3027], Train [acc: 10.38, loss: 2.3013]
Iter:10600, Test [acc: 9.82, loss: 2.3027], Train [acc: 10.38, loss: 2.3012]
Iter:10700, Test [acc: 9.82, loss: 2.3027], Train [acc: 10.38, loss: 2.3012]
Iter:10800, Test [acc: 9.84, loss: 2.3026], Train [acc: 10.38, loss: 2.3012]
Iter:10900, Test [acc: 9.90, loss: 2.3026], Train [acc: 10.38, loss: 2.3012]
Iter:11000, Test [acc: 9.94, loss: 2.3026], Train [acc: 10.40, loss: 2.3012]
Iter:11100, Test [acc: 10.04, loss: 2.3025], Train [acc: 10.36, loss: 2.3011]
Iter:11200, Test [acc: 10.12, loss: 2.3025], Train [acc: 10.40, loss: 2.3011]
Iter:11300, Test [acc: 10.08, loss: 2.3025], Train [acc: 10.56, loss: 2.3011]
Iter:11400, Test [acc: 10.34, loss: 2.3024], Train [acc: 10.82, loss: 2.3010]
Iter:11500, Test [acc: 10.78, loss: 2.3024], Train [acc: 10.68, loss: 2.3010]
Iter:11600, Test [acc: 10.98, loss: 2.3023], Train [acc: 11.22, loss: 2.3010]
Iter:11700, Test [acc: 11.42, loss: 2.3023], Train [acc: 11.16, loss: 2.3009]
Iter:11800, Test [acc: 12.16, loss: 2.3022], Train [acc: 11.84, loss: 2.3009]
Iter:11900, Test [acc: 13.06, loss: 2.3022], Train [acc: 12.78, loss: 2.3008]
Iter:12000, Test [acc: 13.96, loss: 2.3022], Train [acc: 13.70, loss: 2.3008]
Iter:12100, Test [acc: 14.58, loss: 2.3021], Train [acc: 14.18, loss: 2.3007]
Iter:12200, Test [acc: 15.12, loss: 2.3020], Train [acc: 14.98, loss: 2.3007]
Iter:12300, Test [acc: 14.88, loss: 2.3020], Train [acc: 15.18, loss: 2.3006]
Iter:12400, Test [acc: 14.84, loss: 2.3019], Train [acc: 15.16, loss: 2.3006]
Iter:12500, Test [acc: 14.76, loss: 2.3019], Train [acc: 15.16, loss: 2.3005]
Iter:12600, Test [acc: 14.58, loss: 2.3018], Train [acc: 14.92, loss: 2.3005]
Iter:12700, Test [acc: 14.50, loss: 2.3018], Train [acc: 15.02, loss: 2.3004]
Iter:12800, Test [acc: 14.38, loss: 2.3017], Train [acc: 14.96, loss: 2.3003]
Iter:12900, Test [acc: 14.38, loss: 2.3016], Train [acc: 14.86, loss: 2.3003]
Iter:13000, Test [acc: 14.36, loss: 2.3015], Train [acc: 14.86, loss: 2.3002]
Iter:13100, Test [acc: 14.28, loss: 2.3014], Train [acc: 14.84, loss: 2.3001]
Iter:13200, Test [acc: 14.40, loss: 2.3014], Train [acc: 14.86, loss: 2.3000]
Iter:13300, Test [acc: 14.46, loss: 2.3013], Train [acc: 14.92, loss: 2.2999]
Iter:13400, Test [acc: 14.52, loss: 2.3012], Train [acc: 15.06, loss: 2.2998]
Iter:13500, Test [acc: 14.62, loss: 2.3011], Train [acc: 15.06, loss: 2.2997]
Iter:13600, Test [acc: 14.80, loss: 2.3009], Train [acc: 15.04, loss: 2.2996]
Iter:13700, Test [acc: 15.02, loss: 2.3008], Train [acc: 15.12, loss: 2.2995]
Iter:13800, Test [acc: 15.22, loss: 2.3007], Train [acc: 15.36, loss: 2.2993]
Iter:13900, Test [acc: 15.24, loss: 2.3005], Train [acc: 15.46, loss: 2.2992]
Iter:14000, Test [acc: 15.40, loss: 2.3004], Train [acc: 15.86, loss: 2.2990]
Iter:14100, Test [acc: 15.62, loss: 2.3002], Train [acc: 15.92, loss: 2.2989]
Iter:14200, Test [acc: 15.60, loss: 2.3000], Train [acc: 16.02, loss: 2.2987]
Iter:14300, Test [acc: 15.54, loss: 2.2998], Train [acc: 16.12, loss: 2.2985]
Iter:14400, Test [acc: 15.82, loss: 2.2996], Train [acc: 16.26, loss: 2.2983]
Iter:14500, Test [acc: 15.86, loss: 2.2994], Train [acc: 16.12, loss: 2.2980]
Iter:14600, Test [acc: 15.70, loss: 2.2991], Train [acc: 16.16, loss: 2.2978]
Iter:14700, Test [acc: 15.76, loss: 2.2988], Train [acc: 16.02, loss: 2.2975]
Iter:14800, Test [acc: 15.72, loss: 2.2985], Train [acc: 15.94, loss: 2.2972]
Iter:14900, Test [acc: 15.60, loss: 2.2982], Train [acc: 16.00, loss: 2.2968]
Iter:15000, Test [acc: 15.46, loss: 2.2978], Train [acc: 16.02, loss: 2.2965]
Iter:15100, Test [acc: 15.44, loss: 2.2974], Train [acc: 15.94, loss: 2.2961]
Iter:15200, Test [acc: 15.30, loss: 2.2969], Train [acc: 15.92, loss: 2.2956]
Iter:15300, Test [acc: 15.18, loss: 2.2964], Train [acc: 15.96, loss: 2.2951]
Iter:15400, Test [acc: 15.24, loss: 2.2958], Train [acc: 15.78, loss: 2.2946]
Iter:15500, Test [acc: 15.30, loss: 2.2952], Train [acc: 15.70, loss: 2.2939]
Iter:15600, Test [acc: 15.42, loss: 2.2945], Train [acc: 15.68, loss: 2.2932]
Iter:15700, Test [acc: 15.34, loss: 2.2937], Train [acc: 15.46, loss: 2.2925]
Iter:15800, Test [acc: 15.28, loss: 2.2927], Train [acc: 15.30, loss: 2.2916]
Iter:15900, Test [acc: 15.20, loss: 2.2917], Train [acc: 15.28, loss: 2.2906]
Iter:16000, Test [acc: 15.24, loss: 2.2904], Train [acc: 15.08, loss: 2.2894]
Iter:16100, Test [acc: 15.14, loss: 2.2890], Train [acc: 15.20, loss: 2.2881]
Iter:16200, Test [acc: 15.04, loss: 2.2874], Train [acc: 15.24, loss: 2.2866]
Iter:16300, Test [acc: 15.68, loss: 2.2855], Train [acc: 15.30, loss: 2.2848]
Iter:16400, Test [acc: 15.90, loss: 2.2833], Train [acc: 15.90, loss: 2.2828]
Iter:16500, Test [acc: 16.34, loss: 2.2807], Train [acc: 16.46, loss: 2.2805]
Iter:16600, Test [acc: 16.18, loss: 2.2776], Train [acc: 16.80, loss: 2.2777]
Iter:16700, Test [acc: 16.02, loss: 2.2740], Train [acc: 16.58, loss: 2.2744]
Iter:16800, Test [acc: 16.14, loss: 2.2695], Train [acc: 16.46, loss: 2.2705]
Iter:16900, Test [acc: 16.30, loss: 2.2640], Train [acc: 16.70, loss: 2.2658]
Iter:17000, Test [acc: 15.88, loss: 2.2582], Train [acc: 16.68, loss: 2.2600]
Iter:17100, Test [acc: 15.54, loss: 2.2645], Train [acc: 16.18, loss: 2.2535]
Iter:17200, Test [acc: 10.12, loss: 2.3626], Train [acc: 16.40, loss: 2.2608]
Iter:17300, Test [acc: 10.14, loss: 2.3451], Train [acc: 10.32, loss: 2.3557]
Iter:17400, Test [acc: 10.16, loss: 2.3101], Train [acc: 10.38, loss: 2.3396]
Iter:17500, Test [acc: 14.02, loss: 2.2935], Train [acc: 10.18, loss: 2.3064]
Iter:17600, Test [acc: 10.30, loss: 2.2961], Train [acc: 14.26, loss: 2.2914]
Iter:17700, Test [acc: 10.28, loss: 2.3001], Train [acc: 10.12, loss: 2.2952]
Iter:17800, Test [acc: 10.16, loss: 2.2962], Train [acc: 10.06, loss: 2.2996]
Iter:17900, Test [acc: 11.16, loss: 2.2919], Train [acc: 10.10, loss: 2.2954]
Iter:18000, Test [acc: 13.66, loss: 2.2911], Train [acc: 11.90, loss: 2.2904]
Iter:18100, Test [acc: 15.50, loss: 2.2898], Train [acc: 14.06, loss: 2.2890]
Iter:18200, Test [acc: 15.30, loss: 2.2863], Train [acc: 15.66, loss: 2.2875]
Iter:18300, Test [acc: 13.86, loss: 2.2823], Train [acc: 16.10, loss: 2.2838]
Iter:18400, Test [acc: 13.06, loss: 2.2790], Train [acc: 14.82, loss: 2.2798]
Iter:18500, Test [acc: 14.26, loss: 2.2728], Train [acc: 13.90, loss: 2.2764]
Iter:18600, Test [acc: 16.28, loss: 2.2664], Train [acc: 15.00, loss: 2.2698]
Iter:18700, Test [acc: 16.28, loss: 2.2592], Train [acc: 16.86, loss: 2.2627]
Iter:18800, Test [acc: 15.42, loss: 2.2522], Train [acc: 17.02, loss: 2.2550]
Iter:18900, Test [acc: 16.46, loss: 2.2414], Train [acc: 16.00, loss: 2.2482]
Iter:19000, Test [acc: 16.50, loss: 2.2313], Train [acc: 16.80, loss: 2.2365]
Iter:19100, Test [acc: 15.40, loss: 2.2243], Train [acc: 16.86, loss: 2.2258]
Iter:19200, Test [acc: 15.14, loss: 2.2454], Train [acc: 15.72, loss: 2.2185]
Iter:19300, Test [acc: 11.68, loss: 2.3515], Train [acc: 15.32, loss: 2.2363]
Iter:19400, Test [acc: 10.78, loss: 2.3376], Train [acc: 11.82, loss: 2.3459]
Iter:19500, Test [acc: 10.16, loss: 2.3572], Train [acc: 11.28, loss: 2.3285]
Iter:19600, Test [acc: 10.14, loss: 2.3475], Train [acc: 10.38, loss: 2.3500]
Iter:19700, Test [acc: 10.14, loss: 2.3314], Train [acc: 10.36, loss: 2.3409]
Iter:19800, Test [acc: 10.54, loss: 2.3019], Train [acc: 10.36, loss: 2.3252]
Iter:19900, Test [acc: 15.78, loss: 2.2536], Train [acc: 10.50, loss: 2.2958]
Iter:20000, Test [acc: 10.62, loss: 2.2762], Train [acc: 16.16, loss: 2.2481]
Iter:20100, Test [acc: 10.56, loss: 2.2832], Train [acc: 11.38, loss: 2.2732]
Iter:20200, Test [acc: 11.74, loss: 2.2623], Train [acc: 10.88, loss: 2.2808]
Iter:20300, Test [acc: 15.46, loss: 2.2390], Train [acc: 12.48, loss: 2.2587]
Iter:20400, Test [acc: 16.16, loss: 2.2388], Train [acc: 15.70, loss: 2.2344]
Iter:20500, Test [acc: 16.88, loss: 2.2379], Train [acc: 16.78, loss: 2.2335]
Iter:20600, Test [acc: 16.70, loss: 2.2257], Train [acc: 16.68, loss: 2.2321]
Iter:20700, Test [acc: 16.36, loss: 2.2120], Train [acc: 16.86, loss: 2.2197]
Iter:20800, Test [acc: 16.72, loss: 2.2064], Train [acc: 16.40, loss: 2.2060]
Iter:20900, Test [acc: 16.66, loss: 2.1957], Train [acc: 17.58, loss: 2.2001]
Iter:21000, Test [acc: 17.38, loss: 2.1751], Train [acc: 17.08, loss: 2.1883]
Iter:21100, Test [acc: 17.32, loss: 2.1777], Train [acc: 17.90, loss: 2.1664]
Iter:21200, Test [acc: 17.58, loss: 2.1556], Train [acc: 17.84, loss: 2.1683]
Iter:21300, Test [acc: 17.58, loss: 2.1497], Train [acc: 17.88, loss: 2.1444]
Iter:21400, Test [acc: 15.44, loss: 2.2002], Train [acc: 18.12, loss: 2.1372]
Iter:21500, Test [acc: 15.56, loss: 2.5748], Train [acc: 15.94, loss: 2.1876]
Iter:21600, Test [acc: 9.82, loss: 2.4071], Train [acc: 16.12, loss: 2.5382]
Iter:21700, Test [acc: 9.82, loss: 2.4142], Train [acc: 10.38, loss: 2.4004]
Iter:21800, Test [acc: 9.82, loss: 2.4092], Train [acc: 10.38, loss: 2.4074]
Iter:21900, Test [acc: 9.82, loss: 2.3943], Train [acc: 10.38, loss: 2.4027]
Iter:22000, Test [acc: 9.82, loss: 2.3745], Train [acc: 10.38, loss: 2.3885]
Iter:22100, Test [acc: 9.82, loss: 2.3543], Train [acc: 10.38, loss: 2.3694]
Iter:22200, Test [acc: 9.82, loss: 2.3368], Train [acc: 10.38, loss: 2.3501]
Iter:22300, Test [acc: 9.82, loss: 2.3233], Train [acc: 10.38, loss: 2.3334]
Iter:22400, Test [acc: 10.24, loss: 2.3138], Train [acc: 10.38, loss: 2.3207]
Iter:22500, Test [acc: 10.24, loss: 2.3079], Train [acc: 10.38, loss: 2.3120]
Iter:22600, Test [acc: 10.24, loss: 2.3047], Train [acc: 10.38, loss: 2.3066]
Iter:22700, Test [acc: 10.24, loss: 2.3034], Train [acc: 10.38, loss: 2.3039]
Iter:22800, Test [acc: 10.24, loss: 2.3033], Train [acc: 10.38, loss: 2.3030]
Iter:22900, Test [acc: 9.76, loss: 2.3040], Train [acc: 10.38, loss: 2.3033]
Iter:23000, Test [acc: 9.76, loss: 2.3051], Train [acc: 10.10, loss: 2.3043]
Iter:23100, Test [acc: 10.08, loss: 2.3063], Train [acc: 10.10, loss: 2.3056]
Iter:23200, Test [acc: 10.08, loss: 2.3074], Train [acc: 10.40, loss: 2.3069]
Iter:23300, Test [acc: 10.08, loss: 2.3083], Train [acc: 10.40, loss: 2.3080]
Iter:23400, Test [acc: 10.08, loss: 2.3090], Train [acc: 10.40, loss: 2.3090]
Iter:23500, Test [acc: 10.08, loss: 2.3094], Train [acc: 10.40, loss: 2.3097]
Iter:23600, Test [acc: 10.08, loss: 2.3096], Train [acc: 10.40, loss: 2.3102]
Iter:23700, Test [acc: 10.08, loss: 2.3096], Train [acc: 10.40, loss: 2.3103]
Iter:23800, Test [acc: 10.08, loss: 2.3094], Train [acc: 10.40, loss: 2.3103]
Iter:23900, Test [acc: 10.08, loss: 2.3091], Train [acc: 10.40, loss: 2.3100]
Iter:24000, Test [acc: 10.08, loss: 2.3086], Train [acc: 10.40, loss: 2.3095]
Iter:24100, Test [acc: 10.08, loss: 2.3080], Train [acc: 10.40, loss: 2.3089]
Iter:24200, Test [acc: 10.08, loss: 2.3074], Train [acc: 10.40, loss: 2.3082]
Iter:24300, Test [acc: 10.08, loss: 2.3067], Train [acc: 10.40, loss: 2.3074]
Iter:24400, Test [acc: 10.08, loss: 2.3061], Train [acc: 10.40, loss: 2.3067]
Iter:24500, Test [acc: 10.08, loss: 2.3055], Train [acc: 10.40, loss: 2.3059]
Iter:24600, Test [acc: 10.08, loss: 2.3049], Train [acc: 10.40, loss: 2.3052]
Iter:24700, Test [acc: 10.08, loss: 2.3044], Train [acc: 10.40, loss: 2.3045]
Iter:24800, Test [acc: 10.08, loss: 2.3040], Train [acc: 10.40, loss: 2.3039]
Iter:24900, Test [acc: 10.08, loss: 2.3037], Train [acc: 10.40, loss: 2.3033]
Iter:25000, Test [acc: 10.08, loss: 2.3034], Train [acc: 10.40, loss: 2.3028]
Iter:25100, Test [acc: 10.08, loss: 2.3032], Train [acc: 10.40, loss: 2.3025]
Iter:25200, Test [acc: 10.08, loss: 2.3031], Train [acc: 10.40, loss: 2.3022]
Iter:25300, Test [acc: 10.08, loss: 2.3030], Train [acc: 10.40, loss: 2.3019]
Iter:25400, Test [acc: 10.08, loss: 2.3030], Train [acc: 10.40, loss: 2.3018]
Iter:25500, Test [acc: 10.08, loss: 2.3031], Train [acc: 10.40, loss: 2.3017]
Iter:25600, Test [acc: 9.84, loss: 2.3031], Train [acc: 10.40, loss: 2.3016]
Iter:25700, Test [acc: 9.82, loss: 2.3032], Train [acc: 10.32, loss: 2.3016]
Iter:25800, Test [acc: 9.82, loss: 2.3033], Train [acc: 10.38, loss: 2.3016]
Iter:25900, Test [acc: 9.82, loss: 2.3034], Train [acc: 10.38, loss: 2.3016]
Iter:26000, Test [acc: 9.82, loss: 2.3034], Train [acc: 10.38, loss: 2.3017]
Iter:26100, Test [acc: 9.82, loss: 2.3035], Train [acc: 10.38, loss: 2.3017]
Iter:26200, Test [acc: 9.82, loss: 2.3035], Train [acc: 10.38, loss: 2.3018]
Iter:26300, Test [acc: 9.82, loss: 2.3036], Train [acc: 10.38, loss: 2.3018]
Iter:26400, Test [acc: 9.82, loss: 2.3036], Train [acc: 10.38, loss: 2.3018]
Iter:26500, Test [acc: 9.82, loss: 2.3036], Train [acc: 10.38, loss: 2.3018]
Iter:26600, Test [acc: 9.82, loss: 2.3035], Train [acc: 10.38, loss: 2.3018]
Iter:26700, Test [acc: 9.82, loss: 2.3035], Train [acc: 10.38, loss: 2.3018]
Iter:26800, Test [acc: 9.82, loss: 2.3034], Train [acc: 10.38, loss: 2.3017]
Iter:26900, Test [acc: 9.82, loss: 2.3034], Train [acc: 10.38, loss: 2.3017]
Iter:27000, Test [acc: 9.82, loss: 2.3033], Train [acc: 10.38, loss: 2.3017]
Iter:27100, Test [acc: 9.82, loss: 2.3032], Train [acc: 10.38, loss: 2.3016]
Iter:27200, Test [acc: 9.82, loss: 2.3031], Train [acc: 10.38, loss: 2.3015]
Iter:27300, Test [acc: 9.82, loss: 2.3030], Train [acc: 10.38, loss: 2.3015]
Iter:27400, Test [acc: 9.82, loss: 2.3029], Train [acc: 10.38, loss: 2.3014]
Iter:27500, Test [acc: 9.82, loss: 2.3028], Train [acc: 10.38, loss: 2.3013]
Iter:27600, Test [acc: 9.82, loss: 2.3028], Train [acc: 10.38, loss: 2.3013]
Iter:27700, Test [acc: 9.82, loss: 2.3027], Train [acc: 10.38, loss: 2.3012]
Iter:27800, Test [acc: 9.82, loss: 2.3026], Train [acc: 10.38, loss: 2.3011]
Iter:27900, Test [acc: 10.30, loss: 2.3025], Train [acc: 10.52, loss: 2.3011]
Iter:28000, Test [acc: 10.46, loss: 2.3024], Train [acc: 10.72, loss: 2.3010]
Iter:28100, Test [acc: 10.08, loss: 2.3023], Train [acc: 10.82, loss: 2.3010]
Iter:28200, Test [acc: 10.20, loss: 2.3023], Train [acc: 10.22, loss: 2.3009]
Iter:28300, Test [acc: 10.26, loss: 2.3022], Train [acc: 10.22, loss: 2.3009]
Iter:28400, Test [acc: 10.46, loss: 2.3021], Train [acc: 11.18, loss: 2.3008]
Iter:28500, Test [acc: 10.62, loss: 2.3020], Train [acc: 11.08, loss: 2.3007]
Iter:28600, Test [acc: 10.46, loss: 2.3019], Train [acc: 10.88, loss: 2.3007]
Iter:28700, Test [acc: 10.16, loss: 2.3018], Train [acc: 10.76, loss: 2.3006]
Iter:28800, Test [acc: 10.12, loss: 2.3017], Train [acc: 10.56, loss: 2.3005]
Iter:28900, Test [acc: 10.12, loss: 2.3017], Train [acc: 10.46, loss: 2.3005]
Iter:29000, Test [acc: 10.12, loss: 2.3016], Train [acc: 10.42, loss: 2.3004]
Iter:29100, Test [acc: 10.18, loss: 2.3015], Train [acc: 10.48, loss: 2.3003]
Iter:29200, Test [acc: 10.48, loss: 2.3014], Train [acc: 10.54, loss: 2.3002]
Iter:29300, Test [acc: 10.68, loss: 2.3013], Train [acc: 10.54, loss: 2.3001]
Iter:29400, Test [acc: 10.78, loss: 2.3011], Train [acc: 10.82, loss: 2.3000]
Iter:29500, Test [acc: 10.84, loss: 2.3010], Train [acc: 11.00, loss: 2.2999]
Iter:29600, Test [acc: 11.00, loss: 2.3008], Train [acc: 11.14, loss: 2.2997]
Iter:29700, Test [acc: 11.10, loss: 2.3007], Train [acc: 11.22, loss: 2.2996]
Iter:29800, Test [acc: 11.12, loss: 2.3005], Train [acc: 11.36, loss: 2.2994]
Iter:29900, Test [acc: 11.26, loss: 2.3003], Train [acc: 11.34, loss: 2.2992]
