Iter:0, Test [acc: 9.94, loss: 2.3030], Train [acc: 9.72, loss: 2.3031]
Iter:100, Test [acc: 9.94, loss: 2.3029], Train [acc: 9.72, loss: 2.3030]
Iter:200, Test [acc: 10.44, loss: 2.3028], Train [acc: 9.72, loss: 2.3029]
Iter:300, Test [acc: 12.34, loss: 2.3026], Train [acc: 10.16, loss: 2.3027]
Iter:400, Test [acc: 13.76, loss: 2.3025], Train [acc: 12.66, loss: 2.3025]
Iter:500, Test [acc: 13.42, loss: 2.3023], Train [acc: 14.20, loss: 2.3023]
Iter:600, Test [acc: 13.46, loss: 2.3022], Train [acc: 13.92, loss: 2.3020]
Iter:700, Test [acc: 13.18, loss: 2.3021], Train [acc: 13.82, loss: 2.3018]
Iter:800, Test [acc: 13.06, loss: 2.3019], Train [acc: 13.60, loss: 2.3015]
Iter:900, Test [acc: 13.06, loss: 2.3018], Train [acc: 13.40, loss: 2.3013]
Iter:1000, Test [acc: 13.08, loss: 2.3017], Train [acc: 13.34, loss: 2.3011]
Iter:1100, Test [acc: 13.42, loss: 2.3016], Train [acc: 13.40, loss: 2.3008]
Iter:1200, Test [acc: 15.54, loss: 2.3015], Train [acc: 13.58, loss: 2.3006]
Iter:1300, Test [acc: 11.30, loss: 2.3013], Train [acc: 15.96, loss: 2.3004]
Iter:1400, Test [acc: 10.44, loss: 2.3012], Train [acc: 11.62, loss: 2.3001]
Iter:1500, Test [acc: 10.22, loss: 2.3010], Train [acc: 10.66, loss: 2.2999]
Iter:1600, Test [acc: 10.18, loss: 2.3008], Train [acc: 10.46, loss: 2.2996]
Iter:1700, Test [acc: 10.14, loss: 2.3006], Train [acc: 10.46, loss: 2.2993]
Iter:1800, Test [acc: 10.12, loss: 2.3003], Train [acc: 10.46, loss: 2.2990]
Iter:1900, Test [acc: 10.12, loss: 2.3000], Train [acc: 10.46, loss: 2.2987]
Iter:2000, Test [acc: 10.14, loss: 2.2996], Train [acc: 10.46, loss: 2.2983]
Iter:2100, Test [acc: 10.22, loss: 2.2992], Train [acc: 10.46, loss: 2.2979]
Iter:2200, Test [acc: 10.24, loss: 2.2986], Train [acc: 10.48, loss: 2.2974]
Iter:2300, Test [acc: 10.36, loss: 2.2980], Train [acc: 10.52, loss: 2.2968]
Iter:2400, Test [acc: 10.50, loss: 2.2973], Train [acc: 10.62, loss: 2.2961]
Iter:2500, Test [acc: 10.54, loss: 2.2964], Train [acc: 10.68, loss: 2.2954]
Iter:2600, Test [acc: 10.64, loss: 2.2954], Train [acc: 10.70, loss: 2.2945]
Iter:2700, Test [acc: 10.68, loss: 2.2942], Train [acc: 10.84, loss: 2.2934]
Iter:2800, Test [acc: 11.46, loss: 2.2928], Train [acc: 10.92, loss: 2.2922]
Iter:2900, Test [acc: 12.52, loss: 2.2911], Train [acc: 11.58, loss: 2.2907]
Iter:3000, Test [acc: 13.32, loss: 2.2890], Train [acc: 12.72, loss: 2.2890]
Iter:3100, Test [acc: 13.56, loss: 2.2866], Train [acc: 13.14, loss: 2.2869]
Iter:3200, Test [acc: 13.44, loss: 2.2835], Train [acc: 12.72, loss: 2.2844]
Iter:3300, Test [acc: 12.94, loss: 2.2797], Train [acc: 12.90, loss: 2.2812]
Iter:3400, Test [acc: 12.30, loss: 2.2750], Train [acc: 12.40, loss: 2.2773]
Iter:3500, Test [acc: 12.30, loss: 2.2690], Train [acc: 12.20, loss: 2.2724]
Iter:3600, Test [acc: 13.02, loss: 2.2613], Train [acc: 12.30, loss: 2.2662]
Iter:3700, Test [acc: 14.28, loss: 2.2513], Train [acc: 12.90, loss: 2.2582]
Iter:3800, Test [acc: 15.02, loss: 2.2383], Train [acc: 14.00, loss: 2.2477]
Iter:3900, Test [acc: 17.04, loss: 2.2211], Train [acc: 15.18, loss: 2.2339]
Iter:4000, Test [acc: 18.48, loss: 2.1993], Train [acc: 17.02, loss: 2.2158]
Iter:4100, Test [acc: 19.20, loss: 2.1765], Train [acc: 18.70, loss: 2.1928]
Iter:4200, Test [acc: 17.68, loss: 2.2025], Train [acc: 19.56, loss: 2.1672]
Iter:4300, Test [acc: 10.16, loss: 4.6458], Train [acc: 17.74, loss: 2.1975]
Iter:4400, Test [acc: 10.14, loss: 2.3308], Train [acc: 10.48, loss: 4.5613]
Iter:4500, Test [acc: 10.14, loss: 2.3402], Train [acc: 10.38, loss: 2.3292]
Iter:4600, Test [acc: 10.14, loss: 2.3473], Train [acc: 10.38, loss: 2.3389]
Iter:4700, Test [acc: 10.14, loss: 2.3493], Train [acc: 10.38, loss: 2.3464]
Iter:4800, Test [acc: 10.14, loss: 2.3463], Train [acc: 10.38, loss: 2.3487]
Iter:4900, Test [acc: 10.14, loss: 2.3409], Train [acc: 10.38, loss: 2.3459]
Iter:5000, Test [acc: 10.14, loss: 2.3348], Train [acc: 10.38, loss: 2.3407]
Iter:5100, Test [acc: 10.14, loss: 2.3292], Train [acc: 10.38, loss: 2.3347]
Iter:5200, Test [acc: 10.14, loss: 2.3239], Train [acc: 10.38, loss: 2.3291]
Iter:5300, Test [acc: 10.14, loss: 2.3195], Train [acc: 10.38, loss: 2.3238]
Iter:5400, Test [acc: 10.14, loss: 2.3159], Train [acc: 10.38, loss: 2.3194]
Iter:5500, Test [acc: 10.14, loss: 2.3129], Train [acc: 10.38, loss: 2.3159]
Iter:5600, Test [acc: 10.14, loss: 2.3105], Train [acc: 10.38, loss: 2.3130]
Iter:5700, Test [acc: 10.14, loss: 2.3085], Train [acc: 10.38, loss: 2.3105]
Iter:5800, Test [acc: 10.26, loss: 2.3068], Train [acc: 10.38, loss: 2.3085]
Iter:5900, Test [acc: 10.02, loss: 2.3054], Train [acc: 10.44, loss: 2.3067]
Iter:6000, Test [acc: 10.18, loss: 2.3042], Train [acc: 10.60, loss: 2.3052]
Iter:6100, Test [acc: 10.22, loss: 2.3032], Train [acc: 10.26, loss: 2.3040]
Iter:6200, Test [acc: 10.24, loss: 2.3024], Train [acc: 10.36, loss: 2.3030]
Iter:6300, Test [acc: 10.24, loss: 2.3018], Train [acc: 10.38, loss: 2.3021]
Iter:6400, Test [acc: 10.36, loss: 2.3012], Train [acc: 10.38, loss: 2.3014]
Iter:6500, Test [acc: 13.26, loss: 2.3008], Train [acc: 10.48, loss: 2.3007]
Iter:6600, Test [acc: 11.30, loss: 2.3005], Train [acc: 13.56, loss: 2.3002]
Iter:6700, Test [acc: 10.74, loss: 2.3003], Train [acc: 11.06, loss: 2.2998]
Iter:6800, Test [acc: 10.10, loss: 2.3002], Train [acc: 10.88, loss: 2.2995]
Iter:6900, Test [acc: 10.08, loss: 2.3002], Train [acc: 10.40, loss: 2.2993]
Iter:7000, Test [acc: 10.08, loss: 2.3002], Train [acc: 10.40, loss: 2.2991]
Iter:7100, Test [acc: 10.08, loss: 2.3002], Train [acc: 10.40, loss: 2.2990]
Iter:7200, Test [acc: 10.08, loss: 2.3001], Train [acc: 10.40, loss: 2.2989]
Iter:7300, Test [acc: 10.08, loss: 2.3000], Train [acc: 10.40, loss: 2.2987]
Iter:7400, Test [acc: 10.08, loss: 2.2997], Train [acc: 10.40, loss: 2.2984]
Iter:7500, Test [acc: 10.08, loss: 2.2993], Train [acc: 10.40, loss: 2.2981]
Iter:7600, Test [acc: 10.08, loss: 2.2987], Train [acc: 10.40, loss: 2.2976]
Iter:7700, Test [acc: 10.08, loss: 2.2981], Train [acc: 10.40, loss: 2.2970]
Iter:7800, Test [acc: 10.08, loss: 2.2973], Train [acc: 10.40, loss: 2.2962]
Iter:7900, Test [acc: 10.08, loss: 2.2964], Train [acc: 10.40, loss: 2.2954]
Iter:8000, Test [acc: 10.08, loss: 2.2953], Train [acc: 10.40, loss: 2.2945]
Iter:8100, Test [acc: 10.10, loss: 2.2941], Train [acc: 10.40, loss: 2.2934]
Iter:8200, Test [acc: 10.10, loss: 2.2927], Train [acc: 10.40, loss: 2.2922]
Iter:8300, Test [acc: 10.16, loss: 2.2910], Train [acc: 10.40, loss: 2.2907]
Iter:8400, Test [acc: 10.18, loss: 2.2890], Train [acc: 10.40, loss: 2.2890]
Iter:8500, Test [acc: 10.46, loss: 2.2866], Train [acc: 10.38, loss: 2.2869]
Iter:8600, Test [acc: 11.50, loss: 2.2837], Train [acc: 10.84, loss: 2.2844]
Iter:8700, Test [acc: 12.02, loss: 2.2803], Train [acc: 12.20, loss: 2.2814]
Iter:8800, Test [acc: 12.36, loss: 2.2759], Train [acc: 12.68, loss: 2.2777]
Iter:8900, Test [acc: 12.26, loss: 2.2706], Train [acc: 12.72, loss: 2.2731]
Iter:9000, Test [acc: 13.42, loss: 2.2640], Train [acc: 12.84, loss: 2.2676]
Iter:9100, Test [acc: 14.56, loss: 2.2561], Train [acc: 13.86, loss: 2.2607]
Iter:9200, Test [acc: 14.26, loss: 2.2468], Train [acc: 14.84, loss: 2.2524]
Iter:9300, Test [acc: 15.48, loss: 2.2399], Train [acc: 14.66, loss: 2.2426]
Iter:9400, Test [acc: 11.62, loss: 2.3301], Train [acc: 16.40, loss: 2.2347]
Iter:9500, Test [acc: 9.82, loss: 2.3229], Train [acc: 11.90, loss: 2.3255]
Iter:9600, Test [acc: 9.82, loss: 2.3239], Train [acc: 10.38, loss: 2.3200]
Iter:9700, Test [acc: 12.38, loss: 2.3077], Train [acc: 10.38, loss: 2.3199]
Iter:9800, Test [acc: 10.08, loss: 2.3179], Train [acc: 12.84, loss: 2.3050]
Iter:9900, Test [acc: 11.58, loss: 2.3034], Train [acc: 10.40, loss: 2.3174]
Iter:10000, Test [acc: 11.84, loss: 2.2943], Train [acc: 11.40, loss: 2.3040]
Iter:10100, Test [acc: 11.46, loss: 2.2918], Train [acc: 12.00, loss: 2.2930]
Iter:10200, Test [acc: 11.40, loss: 2.2908], Train [acc: 11.46, loss: 2.2896]
Iter:10300, Test [acc: 15.96, loss: 2.2898], Train [acc: 11.56, loss: 2.2872]
Iter:10400, Test [acc: 16.02, loss: 2.2810], Train [acc: 16.22, loss: 2.2853]
Iter:10500, Test [acc: 11.90, loss: 2.2743], Train [acc: 17.00, loss: 2.2772]
Iter:10600, Test [acc: 15.04, loss: 2.2777], Train [acc: 12.48, loss: 2.2710]
Iter:10700, Test [acc: 10.10, loss: 2.3703], Train [acc: 14.96, loss: 2.2733]
Iter:10800, Test [acc: 9.82, loss: 2.4422], Train [acc: 10.46, loss: 2.3686]
Iter:10900, Test [acc: 9.82, loss: 2.3401], Train [acc: 10.38, loss: 2.4355]
Iter:11000, Test [acc: 9.82, loss: 2.3315], Train [acc: 10.38, loss: 2.3354]
Iter:11100, Test [acc: 9.82, loss: 2.3283], Train [acc: 10.38, loss: 2.3275]
Iter:11200, Test [acc: 9.78, loss: 2.3259], Train [acc: 10.38, loss: 2.3246]
Iter:11300, Test [acc: 10.14, loss: 2.3236], Train [acc: 9.88, loss: 2.3223]
Iter:11400, Test [acc: 10.14, loss: 2.3211], Train [acc: 10.38, loss: 2.3202]
Iter:11500, Test [acc: 10.14, loss: 2.3185], Train [acc: 10.38, loss: 2.3179]
Iter:11600, Test [acc: 10.14, loss: 2.3157], Train [acc: 10.38, loss: 2.3155]
Iter:11700, Test [acc: 10.14, loss: 2.3130], Train [acc: 10.38, loss: 2.3129]
Iter:11800, Test [acc: 10.14, loss: 2.3104], Train [acc: 10.38, loss: 2.3104]
Iter:11900, Test [acc: 10.14, loss: 2.3079], Train [acc: 10.38, loss: 2.3080]
Iter:12000, Test [acc: 10.14, loss: 2.3055], Train [acc: 10.38, loss: 2.3057]
Iter:12100, Test [acc: 10.14, loss: 2.3034], Train [acc: 10.38, loss: 2.3036]
Iter:12200, Test [acc: 11.66, loss: 2.3015], Train [acc: 10.38, loss: 2.3016]
Iter:12300, Test [acc: 12.64, loss: 2.3000], Train [acc: 11.70, loss: 2.2999]
Iter:12400, Test [acc: 9.96, loss: 2.2991], Train [acc: 13.12, loss: 2.2986]
Iter:12500, Test [acc: 9.80, loss: 2.2992], Train [acc: 10.18, loss: 2.2978]
Iter:12600, Test [acc: 9.76, loss: 2.2999], Train [acc: 10.06, loss: 2.2979]
Iter:12700, Test [acc: 9.76, loss: 2.3002], Train [acc: 10.10, loss: 2.2987]
Iter:12800, Test [acc: 9.54, loss: 2.2992], Train [acc: 10.04, loss: 2.2990]
Iter:12900, Test [acc: 10.38, loss: 2.2981], Train [acc: 9.82, loss: 2.2981]
Iter:13000, Test [acc: 10.10, loss: 2.2976], Train [acc: 10.96, loss: 2.2971]
Iter:13100, Test [acc: 10.10, loss: 2.2976], Train [acc: 10.40, loss: 2.2966]
Iter:13200, Test [acc: 10.24, loss: 2.2975], Train [acc: 10.38, loss: 2.2966]
Iter:13300, Test [acc: 10.32, loss: 2.2972], Train [acc: 10.40, loss: 2.2966]
Iter:13400, Test [acc: 10.34, loss: 2.2965], Train [acc: 10.50, loss: 2.2962]
Iter:13500, Test [acc: 10.22, loss: 2.2956], Train [acc: 10.46, loss: 2.2955]
Iter:13600, Test [acc: 10.18, loss: 2.2947], Train [acc: 10.40, loss: 2.2946]
Iter:13700, Test [acc: 10.12, loss: 2.2942], Train [acc: 10.38, loss: 2.2937]
Iter:13800, Test [acc: 10.14, loss: 2.2936], Train [acc: 10.40, loss: 2.2931]
Iter:13900, Test [acc: 10.18, loss: 2.2924], Train [acc: 10.40, loss: 2.2925]
Iter:14000, Test [acc: 10.26, loss: 2.2908], Train [acc: 10.40, loss: 2.2912]
Iter:14100, Test [acc: 10.56, loss: 2.2894], Train [acc: 10.52, loss: 2.2895]
Iter:14200, Test [acc: 11.00, loss: 2.2880], Train [acc: 10.94, loss: 2.2881]
Iter:14300, Test [acc: 11.02, loss: 2.2859], Train [acc: 11.48, loss: 2.2866]
Iter:14400, Test [acc: 10.66, loss: 2.2839], Train [acc: 11.62, loss: 2.2844]
Iter:14500, Test [acc: 10.76, loss: 2.2818], Train [acc: 10.94, loss: 2.2822]
Iter:14600, Test [acc: 11.94, loss: 2.2785], Train [acc: 11.06, loss: 2.2800]
Iter:14700, Test [acc: 13.14, loss: 2.2755], Train [acc: 12.76, loss: 2.2767]
Iter:14800, Test [acc: 11.88, loss: 2.2715], Train [acc: 13.60, loss: 2.2735]
Iter:14900, Test [acc: 14.06, loss: 2.2660], Train [acc: 12.66, loss: 2.2692]
Iter:15000, Test [acc: 13.34, loss: 2.2600], Train [acc: 14.50, loss: 2.2637]
Iter:15100, Test [acc: 15.84, loss: 2.2551], Train [acc: 13.64, loss: 2.2575]
Iter:15200, Test [acc: 10.64, loss: 2.3432], Train [acc: 15.26, loss: 2.2527]
Iter:15300, Test [acc: 10.14, loss: 2.3045], Train [acc: 10.38, loss: 2.3382]
Iter:15400, Test [acc: 10.26, loss: 2.3032], Train [acc: 10.38, loss: 2.3033]
Iter:15500, Test [acc: 10.90, loss: 2.3010], Train [acc: 10.58, loss: 2.3024]
Iter:15600, Test [acc: 11.72, loss: 2.2976], Train [acc: 11.22, loss: 2.3008]
Iter:15700, Test [acc: 10.72, loss: 2.2945], Train [acc: 11.12, loss: 2.2983]
Iter:15800, Test [acc: 10.16, loss: 2.2933], Train [acc: 10.16, loss: 2.2962]
Iter:15900, Test [acc: 10.28, loss: 2.2905], Train [acc: 9.94, loss: 2.2959]
Iter:16000, Test [acc: 10.32, loss: 2.2879], Train [acc: 10.12, loss: 2.2927]
Iter:16100, Test [acc: 12.70, loss: 2.2850], Train [acc: 10.12, loss: 2.2892]
Iter:16200, Test [acc: 13.16, loss: 2.2839], Train [acc: 13.38, loss: 2.2849]
Iter:16300, Test [acc: 13.72, loss: 2.2837], Train [acc: 14.10, loss: 2.2826]
Iter:16400, Test [acc: 12.52, loss: 2.2833], Train [acc: 14.22, loss: 2.2812]
Iter:16500, Test [acc: 12.06, loss: 2.2826], Train [acc: 13.16, loss: 2.2798]
Iter:16600, Test [acc: 12.82, loss: 2.2804], Train [acc: 12.72, loss: 2.2784]
Iter:16700, Test [acc: 13.22, loss: 2.2771], Train [acc: 13.38, loss: 2.2758]
Iter:16800, Test [acc: 12.94, loss: 2.2728], Train [acc: 13.76, loss: 2.2724]
Iter:16900, Test [acc: 13.68, loss: 2.2679], Train [acc: 14.18, loss: 2.2681]
Iter:17000, Test [acc: 14.06, loss: 2.2620], Train [acc: 14.24, loss: 2.2633]
Iter:17100, Test [acc: 14.40, loss: 2.2557], Train [acc: 14.52, loss: 2.2576]
Iter:17200, Test [acc: 13.86, loss: 2.2484], Train [acc: 15.04, loss: 2.2515]
Iter:17300, Test [acc: 15.52, loss: 2.2428], Train [acc: 14.42, loss: 2.2442]
Iter:17400, Test [acc: 12.28, loss: 2.2775], Train [acc: 16.06, loss: 2.2383]
Iter:17500, Test [acc: 9.82, loss: 2.3370], Train [acc: 12.20, loss: 2.2731]
Iter:17600, Test [acc: 9.82, loss: 2.3324], Train [acc: 10.38, loss: 2.3335]
Iter:17700, Test [acc: 10.20, loss: 2.3134], Train [acc: 10.38, loss: 2.3290]
Iter:17800, Test [acc: 12.88, loss: 2.2822], Train [acc: 10.10, loss: 2.3108]
Iter:17900, Test [acc: 10.24, loss: 2.3293], Train [acc: 11.80, loss: 2.2820]
Iter:18000, Test [acc: 10.12, loss: 2.3111], Train [acc: 10.64, loss: 2.3306]
Iter:18100, Test [acc: 9.90, loss: 2.3346], Train [acc: 10.48, loss: 2.3083]
Iter:18200, Test [acc: 9.82, loss: 2.3369], Train [acc: 10.56, loss: 2.3307]
Iter:18300, Test [acc: 9.56, loss: 2.3284], Train [acc: 10.38, loss: 2.3328]
Iter:18400, Test [acc: 9.62, loss: 2.3094], Train [acc: 10.50, loss: 2.3245]
Iter:18500, Test [acc: 12.42, loss: 2.2859], Train [acc: 10.38, loss: 2.3060]
Iter:18600, Test [acc: 9.80, loss: 2.3223], Train [acc: 13.02, loss: 2.2837]
Iter:18700, Test [acc: 12.16, loss: 2.2823], Train [acc: 10.10, loss: 2.3206]
Iter:18800, Test [acc: 11.06, loss: 2.2935], Train [acc: 12.82, loss: 2.2809]
Iter:18900, Test [acc: 9.82, loss: 2.2996], Train [acc: 11.10, loss: 2.2913]
Iter:19000, Test [acc: 10.46, loss: 2.2943], Train [acc: 10.62, loss: 2.2970]
Iter:19100, Test [acc: 15.28, loss: 2.2827], Train [acc: 11.18, loss: 2.2918]
Iter:19200, Test [acc: 10.48, loss: 2.2871], Train [acc: 15.52, loss: 2.2805]
Iter:19300, Test [acc: 11.08, loss: 2.2825], Train [acc: 10.58, loss: 2.2848]
Iter:19400, Test [acc: 14.72, loss: 2.2759], Train [acc: 11.48, loss: 2.2795]
Iter:19500, Test [acc: 13.28, loss: 2.2804], Train [acc: 15.44, loss: 2.2723]
Iter:19600, Test [acc: 13.54, loss: 2.2756], Train [acc: 13.78, loss: 2.2764]
Iter:19700, Test [acc: 11.98, loss: 2.2673], Train [acc: 14.36, loss: 2.2714]
Iter:19800, Test [acc: 10.62, loss: 2.2729], Train [acc: 12.52, loss: 2.2629]
Iter:19900, Test [acc: 13.54, loss: 2.2602], Train [acc: 10.86, loss: 2.2682]
Iter:20000, Test [acc: 13.42, loss: 2.2615], Train [acc: 13.86, loss: 2.2557]
Iter:20100, Test [acc: 15.04, loss: 2.2458], Train [acc: 14.30, loss: 2.2568]
Iter:20200, Test [acc: 13.36, loss: 2.2491], Train [acc: 15.48, loss: 2.2412]
Iter:20300, Test [acc: 12.92, loss: 2.2741], Train [acc: 13.74, loss: 2.2444]
Iter:20400, Test [acc: 15.20, loss: 2.2433], Train [acc: 13.82, loss: 2.2679]
Iter:20500, Test [acc: 11.50, loss: 2.5291], Train [acc: 15.54, loss: 2.2368]
Iter:20600, Test [acc: 9.82, loss: 2.3445], Train [acc: 11.48, loss: 2.5224]
Iter:20700, Test [acc: 9.82, loss: 2.3463], Train [acc: 10.38, loss: 2.3400]
Iter:20800, Test [acc: 9.82, loss: 2.3467], Train [acc: 10.38, loss: 2.3417]
Iter:20900, Test [acc: 9.82, loss: 2.3460], Train [acc: 10.38, loss: 2.3420]
Iter:21000, Test [acc: 9.82, loss: 2.3446], Train [acc: 10.38, loss: 2.3414]
Iter:21100, Test [acc: 9.82, loss: 2.3424], Train [acc: 10.38, loss: 2.3400]
Iter:21200, Test [acc: 9.82, loss: 2.3398], Train [acc: 10.38, loss: 2.3379]
Iter:21300, Test [acc: 9.82, loss: 2.3368], Train [acc: 10.38, loss: 2.3354]
Iter:21400, Test [acc: 9.82, loss: 2.3337], Train [acc: 10.38, loss: 2.3326]
Iter:21500, Test [acc: 9.82, loss: 2.3304], Train [acc: 10.38, loss: 2.3296]
Iter:21600, Test [acc: 9.82, loss: 2.3272], Train [acc: 10.38, loss: 2.3265]
Iter:21700, Test [acc: 9.82, loss: 2.3241], Train [acc: 10.38, loss: 2.3235]
Iter:21800, Test [acc: 9.82, loss: 2.3211], Train [acc: 10.38, loss: 2.3205]
Iter:21900, Test [acc: 9.82, loss: 2.3183], Train [acc: 10.38, loss: 2.3177]
Iter:22000, Test [acc: 9.82, loss: 2.3157], Train [acc: 10.38, loss: 2.3151]
Iter:22100, Test [acc: 9.82, loss: 2.3134], Train [acc: 10.38, loss: 2.3127]
Iter:22200, Test [acc: 9.82, loss: 2.3114], Train [acc: 10.38, loss: 2.3106]
Iter:22300, Test [acc: 9.82, loss: 2.3097], Train [acc: 10.38, loss: 2.3088]
Iter:22400, Test [acc: 9.82, loss: 2.3082], Train [acc: 10.38, loss: 2.3073]
Iter:22500, Test [acc: 10.24, loss: 2.3070], Train [acc: 10.38, loss: 2.3059]
Iter:22600, Test [acc: 10.24, loss: 2.3060], Train [acc: 10.38, loss: 2.3049]
Iter:22700, Test [acc: 10.24, loss: 2.3052], Train [acc: 10.38, loss: 2.3040]
Iter:22800, Test [acc: 10.24, loss: 2.3046], Train [acc: 10.38, loss: 2.3034]
Iter:22900, Test [acc: 10.24, loss: 2.3041], Train [acc: 10.38, loss: 2.3029]
Iter:23000, Test [acc: 10.24, loss: 2.3038], Train [acc: 10.38, loss: 2.3026]
Iter:23100, Test [acc: 10.08, loss: 2.3036], Train [acc: 10.38, loss: 2.3024]
Iter:23200, Test [acc: 10.08, loss: 2.3035], Train [acc: 10.40, loss: 2.3023]
Iter:23300, Test [acc: 10.08, loss: 2.3035], Train [acc: 10.40, loss: 2.3022]
Iter:23400, Test [acc: 10.08, loss: 2.3035], Train [acc: 10.40, loss: 2.3023]
Iter:23500, Test [acc: 10.08, loss: 2.3035], Train [acc: 10.40, loss: 2.3023]
Iter:23600, Test [acc: 10.08, loss: 2.3035], Train [acc: 10.40, loss: 2.3024]
Iter:23700, Test [acc: 10.08, loss: 2.3036], Train [acc: 10.40, loss: 2.3025]
Iter:23800, Test [acc: 10.08, loss: 2.3036], Train [acc: 10.40, loss: 2.3026]
Iter:23900, Test [acc: 10.08, loss: 2.3037], Train [acc: 10.40, loss: 2.3027]
Iter:24000, Test [acc: 10.08, loss: 2.3037], Train [acc: 10.40, loss: 2.3028]
Iter:24100, Test [acc: 10.08, loss: 2.3037], Train [acc: 10.40, loss: 2.3028]
Iter:24200, Test [acc: 10.08, loss: 2.3037], Train [acc: 10.40, loss: 2.3029]
Iter:24300, Test [acc: 10.08, loss: 2.3037], Train [acc: 10.40, loss: 2.3029]
Iter:24400, Test [acc: 10.08, loss: 2.3037], Train [acc: 10.40, loss: 2.3028]
Iter:24500, Test [acc: 10.08, loss: 2.3036], Train [acc: 10.40, loss: 2.3028]
Iter:24600, Test [acc: 10.08, loss: 2.3036], Train [acc: 10.40, loss: 2.3027]
Iter:24700, Test [acc: 10.08, loss: 2.3035], Train [acc: 10.40, loss: 2.3027]
Iter:24800, Test [acc: 10.08, loss: 2.3034], Train [acc: 10.40, loss: 2.3026]
Iter:24900, Test [acc: 10.08, loss: 2.3034], Train [acc: 10.40, loss: 2.3025]
Iter:25000, Test [acc: 10.08, loss: 2.3033], Train [acc: 10.40, loss: 2.3024]
Iter:25100, Test [acc: 10.08, loss: 2.3033], Train [acc: 10.40, loss: 2.3023]
Iter:25200, Test [acc: 10.08, loss: 2.3032], Train [acc: 10.40, loss: 2.3023]
Iter:25300, Test [acc: 10.08, loss: 2.3032], Train [acc: 10.40, loss: 2.3022]
Iter:25400, Test [acc: 10.08, loss: 2.3031], Train [acc: 10.40, loss: 2.3021]
Iter:25500, Test [acc: 10.08, loss: 2.3031], Train [acc: 10.40, loss: 2.3021]
Iter:25600, Test [acc: 10.08, loss: 2.3031], Train [acc: 10.40, loss: 2.3020]
Iter:25700, Test [acc: 10.08, loss: 2.3031], Train [acc: 10.40, loss: 2.3020]
Iter:25800, Test [acc: 10.08, loss: 2.3031], Train [acc: 10.40, loss: 2.3019]
Iter:25900, Test [acc: 10.08, loss: 2.3031], Train [acc: 10.40, loss: 2.3019]
Iter:26000, Test [acc: 10.08, loss: 2.3031], Train [acc: 10.40, loss: 2.3019]
Iter:26100, Test [acc: 10.08, loss: 2.3031], Train [acc: 10.40, loss: 2.3019]
Iter:26200, Test [acc: 10.14, loss: 2.3031], Train [acc: 10.40, loss: 2.3018]
Iter:26300, Test [acc: 10.14, loss: 2.3032], Train [acc: 10.38, loss: 2.3018]
Iter:26400, Test [acc: 10.14, loss: 2.3032], Train [acc: 10.38, loss: 2.3018]
Iter:26500, Test [acc: 10.14, loss: 2.3032], Train [acc: 10.38, loss: 2.3018]
Iter:26600, Test [acc: 10.14, loss: 2.3032], Train [acc: 10.38, loss: 2.3018]
Iter:26700, Test [acc: 10.14, loss: 2.3032], Train [acc: 10.38, loss: 2.3018]
Iter:26800, Test [acc: 10.14, loss: 2.3032], Train [acc: 10.38, loss: 2.3018]
Iter:26900, Test [acc: 10.14, loss: 2.3033], Train [acc: 10.38, loss: 2.3018]
Iter:27000, Test [acc: 10.14, loss: 2.3033], Train [acc: 10.38, loss: 2.3018]
Iter:27100, Test [acc: 10.14, loss: 2.3033], Train [acc: 10.38, loss: 2.3018]
Iter:27200, Test [acc: 10.14, loss: 2.3033], Train [acc: 10.38, loss: 2.3018]
Iter:27300, Test [acc: 10.14, loss: 2.3033], Train [acc: 10.38, loss: 2.3018]
Iter:27400, Test [acc: 10.06, loss: 2.3033], Train [acc: 10.38, loss: 2.3018]
Iter:27500, Test [acc: 10.02, loss: 2.3033], Train [acc: 10.34, loss: 2.3018]
Iter:27600, Test [acc: 9.86, loss: 2.3033], Train [acc: 10.56, loss: 2.3018]
Iter:27700, Test [acc: 9.82, loss: 2.3033], Train [acc: 10.38, loss: 2.3018]
Iter:27800, Test [acc: 9.82, loss: 2.3033], Train [acc: 10.38, loss: 2.3018]
Iter:27900, Test [acc: 9.82, loss: 2.3033], Train [acc: 10.38, loss: 2.3018]
Iter:28000, Test [acc: 9.82, loss: 2.3033], Train [acc: 10.38, loss: 2.3018]
Iter:28100, Test [acc: 9.82, loss: 2.3033], Train [acc: 10.38, loss: 2.3018]
Iter:28200, Test [acc: 9.82, loss: 2.3033], Train [acc: 10.38, loss: 2.3018]
Iter:28300, Test [acc: 9.82, loss: 2.3033], Train [acc: 10.38, loss: 2.3018]
Iter:28400, Test [acc: 9.82, loss: 2.3033], Train [acc: 10.38, loss: 2.3018]
Iter:28500, Test [acc: 9.82, loss: 2.3033], Train [acc: 10.38, loss: 2.3018]
Iter:28600, Test [acc: 9.82, loss: 2.3032], Train [acc: 10.38, loss: 2.3018]
Iter:28700, Test [acc: 9.82, loss: 2.3032], Train [acc: 10.38, loss: 2.3018]
Iter:28800, Test [acc: 9.82, loss: 2.3032], Train [acc: 10.38, loss: 2.3018]
Iter:28900, Test [acc: 9.82, loss: 2.3032], Train [acc: 10.38, loss: 2.3018]
Iter:29000, Test [acc: 9.82, loss: 2.3032], Train [acc: 10.38, loss: 2.3018]
Iter:29100, Test [acc: 14.02, loss: 2.3032], Train [acc: 10.38, loss: 2.3018]
Iter:29200, Test [acc: 10.60, loss: 2.3032], Train [acc: 14.74, loss: 2.3018]
Iter:29300, Test [acc: 10.08, loss: 2.3032], Train [acc: 10.90, loss: 2.3018]
Iter:29400, Test [acc: 10.08, loss: 2.3032], Train [acc: 10.40, loss: 2.3018]
Iter:29500, Test [acc: 10.08, loss: 2.3032], Train [acc: 10.40, loss: 2.3018]
Iter:29600, Test [acc: 10.08, loss: 2.3032], Train [acc: 10.40, loss: 2.3018]
Iter:29700, Test [acc: 10.08, loss: 2.3032], Train [acc: 10.40, loss: 2.3018]
Iter:29800, Test [acc: 10.08, loss: 2.3032], Train [acc: 10.40, loss: 2.3018]
Iter:29900, Test [acc: 10.08, loss: 2.3032], Train [acc: 10.40, loss: 2.3018]
