Iter:0, Test [acc: 10.14, loss: 2.3028], Train [acc: 10.00, loss: 2.3017]
Iter:100, Test [acc: 10.14, loss: 2.3029], Train [acc: 14.00, loss: 2.2964]
Iter:200, Test [acc: 10.24, loss: 2.3030], Train [acc: 16.00, loss: 2.2973]
Iter:300, Test [acc: 10.08, loss: 2.3031], Train [acc: 9.00, loss: 2.3021]
Iter:400, Test [acc: 10.08, loss: 2.3031], Train [acc: 10.00, loss: 2.3101]
Iter:500, Test [acc: 10.08, loss: 2.3031], Train [acc: 7.00, loss: 2.3058]
Iter:600, Test [acc: 10.08, loss: 2.3031], Train [acc: 9.00, loss: 2.2986]
Iter:700, Test [acc: 10.08, loss: 2.3033], Train [acc: 13.00, loss: 2.2964]
Iter:800, Test [acc: 10.08, loss: 2.3033], Train [acc: 10.00, loss: 2.3059]
Iter:900, Test [acc: 10.08, loss: 2.3034], Train [acc: 12.00, loss: 2.3019]
Iter:1000, Test [acc: 10.08, loss: 2.3034], Train [acc: 7.00, loss: 2.3024]
Iter:1100, Test [acc: 10.08, loss: 2.3034], Train [acc: 16.00, loss: 2.3047]
Iter:1200, Test [acc: 10.08, loss: 2.3036], Train [acc: 11.00, loss: 2.2960]
Iter:1300, Test [acc: 10.34, loss: 2.3039], Train [acc: 11.00, loss: 2.2913]
Iter:1400, Test [acc: 11.70, loss: 2.3043], Train [acc: 12.00, loss: 2.2973]
Iter:1500, Test [acc: 9.76, loss: 2.3045], Train [acc: 9.00, loss: 2.3080]
Iter:1600, Test [acc: 9.76, loss: 2.3049], Train [acc: 14.00, loss: 2.2965]
Iter:1700, Test [acc: 9.76, loss: 2.3052], Train [acc: 10.00, loss: 2.3043]
Iter:1800, Test [acc: 9.82, loss: 2.3056], Train [acc: 7.00, loss: 2.2988]
Iter:1900, Test [acc: 12.12, loss: 2.3056], Train [acc: 11.00, loss: 2.3166]
Iter:2000, Test [acc: 13.84, loss: 2.3055], Train [acc: 9.00, loss: 2.2977]
Iter:2100, Test [acc: 12.06, loss: 2.3056], Train [acc: 21.00, loss: 2.2946]
Iter:2200, Test [acc: 9.76, loss: 2.3054], Train [acc: 17.00, loss: 2.3092]
Iter:2300, Test [acc: 9.76, loss: 2.3051], Train [acc: 10.00, loss: 2.3019]
Iter:2400, Test [acc: 9.76, loss: 2.3047], Train [acc: 9.00, loss: 2.3099]
Iter:2500, Test [acc: 9.76, loss: 2.3042], Train [acc: 10.00, loss: 2.3081]
Iter:2600, Test [acc: 9.76, loss: 2.3036], Train [acc: 11.00, loss: 2.3050]
Iter:2700, Test [acc: 9.76, loss: 2.3030], Train [acc: 7.00, loss: 2.2971]
Iter:2800, Test [acc: 9.76, loss: 2.3026], Train [acc: 9.00, loss: 2.3019]
Iter:2900, Test [acc: 9.76, loss: 2.3022], Train [acc: 10.00, loss: 2.2958]
Iter:3000, Test [acc: 13.82, loss: 2.3019], Train [acc: 13.00, loss: 2.2915]
Iter:3100, Test [acc: 12.30, loss: 2.3017], Train [acc: 12.00, loss: 2.2925]
Iter:3200, Test [acc: 15.98, loss: 2.3014], Train [acc: 15.00, loss: 2.2965]
Iter:3300, Test [acc: 16.48, loss: 2.3012], Train [acc: 22.00, loss: 2.2883]
Iter:3400, Test [acc: 16.46, loss: 2.3009], Train [acc: 15.00, loss: 2.2933]
Iter:3500, Test [acc: 16.08, loss: 2.3004], Train [acc: 15.00, loss: 2.3029]
Iter:3600, Test [acc: 16.58, loss: 2.3000], Train [acc: 19.00, loss: 2.2856]
Iter:3700, Test [acc: 16.62, loss: 2.2992], Train [acc: 22.00, loss: 2.3017]
Iter:3800, Test [acc: 16.28, loss: 2.2983], Train [acc: 21.00, loss: 2.2820]
Iter:3900, Test [acc: 15.24, loss: 2.2974], Train [acc: 21.00, loss: 2.2761]
Iter:4000, Test [acc: 15.78, loss: 2.2957], Train [acc: 17.00, loss: 2.2873]
Iter:4100, Test [acc: 14.24, loss: 2.2938], Train [acc: 17.00, loss: 2.2740]
Iter:4200, Test [acc: 13.72, loss: 2.2906], Train [acc: 15.00, loss: 2.2972]
Iter:4300, Test [acc: 13.16, loss: 2.2863], Train [acc: 12.00, loss: 2.2744]
Iter:4400, Test [acc: 11.86, loss: 2.2819], Train [acc: 14.00, loss: 2.2655]
Iter:4500, Test [acc: 12.20, loss: 2.2751], Train [acc: 8.00, loss: 2.2686]
Iter:4600, Test [acc: 16.92, loss: 2.2768], Train [acc: 13.00, loss: 2.3000]
Iter:4700, Test [acc: 17.96, loss: 2.2639], Train [acc: 9.00, loss: 2.2744]
Iter:4800, Test [acc: 10.86, loss: 2.2729], Train [acc: 10.00, loss: 2.2610]
Iter:4900, Test [acc: 15.66, loss: 2.2343], Train [acc: 19.00, loss: 2.2214]
Iter:5000, Test [acc: 16.70, loss: 2.2566], Train [acc: 24.00, loss: 2.2522]
Iter:5100, Test [acc: 16.16, loss: 2.2375], Train [acc: 20.00, loss: 2.2087]
Iter:5200, Test [acc: 20.10, loss: 2.1965], Train [acc: 20.00, loss: 2.1405]
Iter:5300, Test [acc: 11.42, loss: 2.2815], Train [acc: 11.00, loss: 2.2789]
Iter:5400, Test [acc: 15.24, loss: 2.2177], Train [acc: 19.00, loss: 2.2099]
Iter:5500, Test [acc: 15.88, loss: 2.6966], Train [acc: 12.00, loss: 2.8262]
Iter:5600, Test [acc: 10.14, loss: 2.3245], Train [acc: 6.00, loss: 2.3264]
Iter:5700, Test [acc: 10.14, loss: 2.3298], Train [acc: 10.00, loss: 2.3099]
Iter:5800, Test [acc: 10.14, loss: 2.3332], Train [acc: 10.00, loss: 2.3569]
Iter:5900, Test [acc: 10.14, loss: 2.3347], Train [acc: 8.00, loss: 2.3377]
Iter:6000, Test [acc: 10.14, loss: 2.3339], Train [acc: 9.00, loss: 2.3380]
Iter:6100, Test [acc: 10.14, loss: 2.3309], Train [acc: 15.00, loss: 2.3282]
Iter:6200, Test [acc: 10.14, loss: 2.3276], Train [acc: 12.00, loss: 2.2956]
Iter:6300, Test [acc: 10.14, loss: 2.3238], Train [acc: 9.00, loss: 2.3109]
Iter:6400, Test [acc: 10.14, loss: 2.3200], Train [acc: 15.00, loss: 2.3214]
Iter:6500, Test [acc: 10.14, loss: 2.3166], Train [acc: 11.00, loss: 2.3066]
Iter:6600, Test [acc: 10.14, loss: 2.3143], Train [acc: 15.00, loss: 2.2894]
Iter:6700, Test [acc: 10.14, loss: 2.3118], Train [acc: 12.00, loss: 2.3228]
Iter:6800, Test [acc: 10.14, loss: 2.3098], Train [acc: 15.00, loss: 2.3034]
Iter:6900, Test [acc: 10.14, loss: 2.3079], Train [acc: 13.00, loss: 2.3150]
Iter:7000, Test [acc: 10.14, loss: 2.3065], Train [acc: 10.00, loss: 2.3002]
Iter:7100, Test [acc: 10.14, loss: 2.3054], Train [acc: 6.00, loss: 2.3103]
Iter:7200, Test [acc: 10.14, loss: 2.3044], Train [acc: 10.00, loss: 2.3131]
Iter:7300, Test [acc: 10.14, loss: 2.3038], Train [acc: 10.00, loss: 2.3006]
Iter:7400, Test [acc: 10.14, loss: 2.3032], Train [acc: 7.00, loss: 2.3049]
Iter:7500, Test [acc: 10.64, loss: 2.3030], Train [acc: 9.00, loss: 2.2950]
Iter:7600, Test [acc: 10.24, loss: 2.3030], Train [acc: 14.00, loss: 2.2964]
Iter:7700, Test [acc: 11.94, loss: 2.3033], Train [acc: 20.00, loss: 2.2943]
Iter:7800, Test [acc: 10.08, loss: 2.3036], Train [acc: 15.00, loss: 2.2997]
Iter:7900, Test [acc: 10.08, loss: 2.3040], Train [acc: 10.00, loss: 2.3012]
Iter:8000, Test [acc: 10.08, loss: 2.3044], Train [acc: 9.00, loss: 2.3086]
Iter:8100, Test [acc: 10.08, loss: 2.3048], Train [acc: 12.00, loss: 2.3035]
Iter:8200, Test [acc: 10.08, loss: 2.3053], Train [acc: 10.00, loss: 2.2949]
Iter:8300, Test [acc: 10.08, loss: 2.3059], Train [acc: 16.00, loss: 2.2895]
Iter:8400, Test [acc: 10.08, loss: 2.3066], Train [acc: 9.00, loss: 2.2874]
Iter:8500, Test [acc: 10.08, loss: 2.3071], Train [acc: 8.00, loss: 2.3126]
Iter:8600, Test [acc: 10.08, loss: 2.3074], Train [acc: 7.00, loss: 2.3026]
Iter:8700, Test [acc: 10.08, loss: 2.3076], Train [acc: 15.00, loss: 2.3070]
Iter:8800, Test [acc: 10.08, loss: 2.3076], Train [acc: 16.00, loss: 2.3107]
Iter:8900, Test [acc: 10.08, loss: 2.3074], Train [acc: 11.00, loss: 2.2993]
Iter:9000, Test [acc: 10.08, loss: 2.3071], Train [acc: 12.00, loss: 2.3140]
Iter:9100, Test [acc: 10.08, loss: 2.3068], Train [acc: 14.00, loss: 2.3075]
Iter:9200, Test [acc: 10.08, loss: 2.3068], Train [acc: 15.00, loss: 2.2781]
Iter:9300, Test [acc: 10.08, loss: 2.3066], Train [acc: 11.00, loss: 2.3148]
Iter:9400, Test [acc: 10.08, loss: 2.3064], Train [acc: 10.00, loss: 2.2966]
Iter:9500, Test [acc: 10.08, loss: 2.3059], Train [acc: 7.00, loss: 2.3244]
Iter:9600, Test [acc: 10.08, loss: 2.3055], Train [acc: 9.00, loss: 2.2994]
Iter:9700, Test [acc: 10.08, loss: 2.3051], Train [acc: 11.00, loss: 2.3017]
Iter:9800, Test [acc: 10.08, loss: 2.3049], Train [acc: 14.00, loss: 2.2902]
Iter:9900, Test [acc: 10.08, loss: 2.3046], Train [acc: 9.00, loss: 2.3111]
Iter:10000, Test [acc: 10.08, loss: 2.3041], Train [acc: 4.00, loss: 2.3175]
Iter:10100, Test [acc: 10.08, loss: 2.3036], Train [acc: 11.00, loss: 2.3102]
Iter:10200, Test [acc: 10.08, loss: 2.3032], Train [acc: 18.00, loss: 2.2850]
Iter:10300, Test [acc: 10.08, loss: 2.3029], Train [acc: 6.00, loss: 2.2982]
Iter:10400, Test [acc: 10.12, loss: 2.3026], Train [acc: 12.00, loss: 2.2953]
Iter:10500, Test [acc: 14.72, loss: 2.3024], Train [acc: 12.00, loss: 2.2973]
Iter:10600, Test [acc: 11.96, loss: 2.3023], Train [acc: 9.00, loss: 2.2979]
Iter:10700, Test [acc: 10.86, loss: 2.3020], Train [acc: 6.00, loss: 2.3076]
Iter:10800, Test [acc: 10.18, loss: 2.3019], Train [acc: 13.00, loss: 2.2956]
Iter:10900, Test [acc: 10.14, loss: 2.3016], Train [acc: 15.00, loss: 2.3051]
Iter:11000, Test [acc: 10.14, loss: 2.3014], Train [acc: 16.00, loss: 2.2962]
Iter:11100, Test [acc: 10.14, loss: 2.3014], Train [acc: 9.00, loss: 2.2941]
Iter:11200, Test [acc: 10.14, loss: 2.3011], Train [acc: 6.00, loss: 2.3053]
Iter:11300, Test [acc: 10.14, loss: 2.3005], Train [acc: 12.00, loss: 2.2997]
Iter:11400, Test [acc: 10.14, loss: 2.3000], Train [acc: 11.00, loss: 2.2932]
Iter:11500, Test [acc: 11.60, loss: 2.2995], Train [acc: 7.00, loss: 2.3067]
Iter:11600, Test [acc: 12.94, loss: 2.2990], Train [acc: 11.00, loss: 2.3030]
Iter:11700, Test [acc: 11.88, loss: 2.2983], Train [acc: 13.00, loss: 2.2866]
Iter:11800, Test [acc: 10.78, loss: 2.2971], Train [acc: 17.00, loss: 2.2901]
Iter:11900, Test [acc: 12.64, loss: 2.2953], Train [acc: 11.00, loss: 2.3022]
Iter:12000, Test [acc: 14.52, loss: 2.2937], Train [acc: 19.00, loss: 2.2813]
Iter:12100, Test [acc: 14.54, loss: 2.2931], Train [acc: 18.00, loss: 2.2949]
Iter:12200, Test [acc: 14.72, loss: 2.2924], Train [acc: 9.00, loss: 2.2995]
Iter:12300, Test [acc: 14.92, loss: 2.2895], Train [acc: 12.00, loss: 2.2913]
Iter:12400, Test [acc: 12.10, loss: 2.2861], Train [acc: 18.00, loss: 2.2606]
Iter:12500, Test [acc: 10.36, loss: 2.2971], Train [acc: 16.00, loss: 2.2851]
Iter:12600, Test [acc: 10.68, loss: 2.2907], Train [acc: 11.00, loss: 2.2774]
Iter:12700, Test [acc: 11.94, loss: 2.2785], Train [acc: 18.00, loss: 2.2416]
Iter:12800, Test [acc: 15.48, loss: 2.2757], Train [acc: 11.00, loss: 2.2801]
Iter:12900, Test [acc: 14.54, loss: 2.2698], Train [acc: 20.00, loss: 2.2454]
Iter:13000, Test [acc: 16.12, loss: 2.2590], Train [acc: 14.00, loss: 2.2513]
Iter:13100, Test [acc: 14.62, loss: 2.2706], Train [acc: 14.00, loss: 2.2739]
Iter:13200, Test [acc: 14.06, loss: 2.2527], Train [acc: 14.00, loss: 2.2526]
Iter:13300, Test [acc: 9.98, loss: 2.3594], Train [acc: 9.00, loss: 2.3128]
Iter:13400, Test [acc: 9.82, loss: 2.3295], Train [acc: 11.00, loss: 2.3553]
Iter:13500, Test [acc: 9.82, loss: 2.3118], Train [acc: 13.00, loss: 2.3197]
Iter:13600, Test [acc: 9.82, loss: 2.3075], Train [acc: 13.00, loss: 2.3012]
Iter:13700, Test [acc: 9.82, loss: 2.3058], Train [acc: 13.00, loss: 2.2919]
Iter:13800, Test [acc: 9.82, loss: 2.3036], Train [acc: 8.00, loss: 2.3096]
Iter:13900, Test [acc: 9.86, loss: 2.3011], Train [acc: 6.00, loss: 2.3122]
Iter:14000, Test [acc: 14.04, loss: 2.3002], Train [acc: 12.00, loss: 2.2930]
Iter:14100, Test [acc: 11.52, loss: 2.3001], Train [acc: 11.00, loss: 2.3008]
Iter:14200, Test [acc: 11.88, loss: 2.2991], Train [acc: 9.00, loss: 2.2962]
Iter:14300, Test [acc: 11.92, loss: 2.2983], Train [acc: 16.00, loss: 2.2884]
Iter:14400, Test [acc: 10.94, loss: 2.2973], Train [acc: 14.00, loss: 2.2917]
Iter:14500, Test [acc: 10.26, loss: 2.2995], Train [acc: 15.00, loss: 2.2800]
Iter:14600, Test [acc: 10.26, loss: 2.3026], Train [acc: 10.00, loss: 2.2774]
Iter:14700, Test [acc: 10.26, loss: 2.2942], Train [acc: 9.00, loss: 2.2894]
Iter:14800, Test [acc: 12.94, loss: 2.2969], Train [acc: 10.00, loss: 2.2967]
Iter:14900, Test [acc: 13.86, loss: 2.2953], Train [acc: 17.00, loss: 2.2923]
Iter:15000, Test [acc: 11.86, loss: 2.2898], Train [acc: 17.00, loss: 2.2782]
Iter:15100, Test [acc: 10.78, loss: 2.2923], Train [acc: 13.00, loss: 2.2381]
Iter:15200, Test [acc: 10.98, loss: 2.2913], Train [acc: 10.00, loss: 2.3025]
Iter:15300, Test [acc: 11.50, loss: 2.2842], Train [acc: 11.00, loss: 2.2838]
Iter:15400, Test [acc: 10.88, loss: 2.2906], Train [acc: 15.00, loss: 2.2591]
Iter:15500, Test [acc: 14.46, loss: 2.2819], Train [acc: 17.00, loss: 2.2588]
Iter:15600, Test [acc: 13.32, loss: 2.2728], Train [acc: 10.00, loss: 2.2717]
Iter:15700, Test [acc: 13.04, loss: 2.2713], Train [acc: 14.00, loss: 2.2724]
Iter:15800, Test [acc: 15.04, loss: 2.2630], Train [acc: 15.00, loss: 2.2662]
Iter:15900, Test [acc: 15.16, loss: 2.2601], Train [acc: 28.00, loss: 2.2196]
Iter:16000, Test [acc: 15.22, loss: 2.2503], Train [acc: 12.00, loss: 2.2709]
Iter:16100, Test [acc: 15.26, loss: 2.2403], Train [acc: 8.00, loss: 2.2699]
Iter:16200, Test [acc: 11.66, loss: 2.5561], Train [acc: 17.00, loss: 2.4089]
Iter:16300, Test [acc: 9.82, loss: 2.3184], Train [acc: 9.00, loss: 2.3196]
Iter:16400, Test [acc: 9.82, loss: 2.3188], Train [acc: 8.00, loss: 2.3288]
Iter:16500, Test [acc: 9.82, loss: 2.3185], Train [acc: 10.00, loss: 2.3570]
Iter:16600, Test [acc: 9.82, loss: 2.3184], Train [acc: 14.00, loss: 2.3022]
Iter:16700, Test [acc: 9.82, loss: 2.3181], Train [acc: 10.00, loss: 2.3123]
Iter:16800, Test [acc: 9.82, loss: 2.3176], Train [acc: 13.00, loss: 2.3153]
Iter:16900, Test [acc: 9.82, loss: 2.3168], Train [acc: 8.00, loss: 2.3159]
Iter:17000, Test [acc: 9.82, loss: 2.3159], Train [acc: 10.00, loss: 2.3082]
Iter:17100, Test [acc: 9.82, loss: 2.3148], Train [acc: 13.00, loss: 2.3186]
Iter:17200, Test [acc: 9.82, loss: 2.3137], Train [acc: 9.00, loss: 2.3076]
Iter:17300, Test [acc: 9.82, loss: 2.3127], Train [acc: 10.00, loss: 2.3028]
Iter:17400, Test [acc: 9.82, loss: 2.3120], Train [acc: 12.00, loss: 2.2857]
Iter:17500, Test [acc: 9.82, loss: 2.3114], Train [acc: 10.00, loss: 2.2989]
Iter:17600, Test [acc: 9.82, loss: 2.3110], Train [acc: 13.00, loss: 2.2981]
Iter:17700, Test [acc: 9.82, loss: 2.3109], Train [acc: 18.00, loss: 2.2798]
Iter:17800, Test [acc: 9.82, loss: 2.3105], Train [acc: 8.00, loss: 2.3170]
Iter:17900, Test [acc: 9.82, loss: 2.3101], Train [acc: 11.00, loss: 2.3075]
Iter:18000, Test [acc: 9.82, loss: 2.3098], Train [acc: 12.00, loss: 2.2964]
Iter:18100, Test [acc: 9.82, loss: 2.3093], Train [acc: 11.00, loss: 2.3101]
Iter:18200, Test [acc: 9.82, loss: 2.3087], Train [acc: 7.00, loss: 2.3127]
Iter:18300, Test [acc: 11.18, loss: 2.3083], Train [acc: 15.00, loss: 2.2979]
Iter:18400, Test [acc: 12.16, loss: 2.3077], Train [acc: 12.00, loss: 2.3174]
Iter:18500, Test [acc: 12.44, loss: 2.3071], Train [acc: 13.00, loss: 2.3080]
Iter:18600, Test [acc: 13.48, loss: 2.3065], Train [acc: 12.00, loss: 2.3069]
Iter:18700, Test [acc: 9.90, loss: 2.3059], Train [acc: 13.00, loss: 2.3003]
Iter:18800, Test [acc: 9.76, loss: 2.3056], Train [acc: 11.00, loss: 2.2933]
Iter:18900, Test [acc: 9.76, loss: 2.3054], Train [acc: 11.00, loss: 2.3007]
Iter:19000, Test [acc: 9.90, loss: 2.3053], Train [acc: 14.00, loss: 2.2978]
Iter:19100, Test [acc: 10.36, loss: 2.3053], Train [acc: 10.00, loss: 2.3026]
Iter:19200, Test [acc: 11.56, loss: 2.3052], Train [acc: 6.00, loss: 2.3110]
Iter:19300, Test [acc: 10.24, loss: 2.3052], Train [acc: 11.00, loss: 2.2932]
Iter:19400, Test [acc: 10.14, loss: 2.3053], Train [acc: 13.00, loss: 2.3011]
Iter:19500, Test [acc: 10.14, loss: 2.3054], Train [acc: 12.00, loss: 2.3009]
Iter:19600, Test [acc: 10.14, loss: 2.3052], Train [acc: 7.00, loss: 2.3119]
Iter:19700, Test [acc: 10.14, loss: 2.3050], Train [acc: 12.00, loss: 2.3135]
Iter:19800, Test [acc: 10.14, loss: 2.3050], Train [acc: 20.00, loss: 2.2838]
Iter:19900, Test [acc: 10.14, loss: 2.3051], Train [acc: 13.00, loss: 2.2970]
Iter:20000, Test [acc: 10.14, loss: 2.3055], Train [acc: 17.00, loss: 2.2871]
Iter:20100, Test [acc: 10.14, loss: 2.3057], Train [acc: 10.00, loss: 2.3184]
Iter:20200, Test [acc: 10.14, loss: 2.3059], Train [acc: 10.00, loss: 2.2989]
Iter:20300, Test [acc: 10.14, loss: 2.3061], Train [acc: 10.00, loss: 2.3028]
Iter:20400, Test [acc: 10.14, loss: 2.3061], Train [acc: 8.00, loss: 2.3032]
Iter:20500, Test [acc: 10.14, loss: 2.3060], Train [acc: 7.00, loss: 2.3151]
Iter:20600, Test [acc: 10.14, loss: 2.3058], Train [acc: 10.00, loss: 2.3058]
Iter:20700, Test [acc: 10.20, loss: 2.3057], Train [acc: 9.00, loss: 2.3013]
Iter:20800, Test [acc: 12.88, loss: 2.3055], Train [acc: 13.00, loss: 2.3055]
Iter:20900, Test [acc: 11.10, loss: 2.3053], Train [acc: 8.00, loss: 2.3077]
Iter:21000, Test [acc: 10.12, loss: 2.3053], Train [acc: 13.00, loss: 2.2927]
Iter:21100, Test [acc: 10.08, loss: 2.3053], Train [acc: 11.00, loss: 2.2978]
Iter:21200, Test [acc: 10.08, loss: 2.3053], Train [acc: 13.00, loss: 2.3058]
Iter:21300, Test [acc: 10.08, loss: 2.3053], Train [acc: 15.00, loss: 2.2918]
Iter:21400, Test [acc: 10.08, loss: 2.3053], Train [acc: 10.00, loss: 2.3108]
Iter:21500, Test [acc: 10.08, loss: 2.3051], Train [acc: 11.00, loss: 2.3043]
Iter:21600, Test [acc: 10.08, loss: 2.3051], Train [acc: 11.00, loss: 2.2970]
Iter:21700, Test [acc: 10.08, loss: 2.3053], Train [acc: 11.00, loss: 2.2900]
Iter:21800, Test [acc: 10.08, loss: 2.3055], Train [acc: 8.00, loss: 2.3123]
Iter:21900, Test [acc: 10.08, loss: 2.3058], Train [acc: 9.00, loss: 2.3079]
Iter:22000, Test [acc: 10.08, loss: 2.3060], Train [acc: 5.00, loss: 2.3125]
Iter:22100, Test [acc: 10.08, loss: 2.3060], Train [acc: 11.00, loss: 2.3192]
Iter:22200, Test [acc: 10.22, loss: 2.3058], Train [acc: 15.00, loss: 2.3037]
Iter:22300, Test [acc: 10.08, loss: 2.3056], Train [acc: 16.00, loss: 2.3035]
Iter:22400, Test [acc: 12.90, loss: 2.3055], Train [acc: 14.00, loss: 2.2920]
Iter:22500, Test [acc: 10.34, loss: 2.3054], Train [acc: 12.00, loss: 2.3023]
Iter:22600, Test [acc: 10.14, loss: 2.3052], Train [acc: 12.00, loss: 2.3106]
Iter:22700, Test [acc: 10.14, loss: 2.3048], Train [acc: 6.00, loss: 2.3219]
Iter:22800, Test [acc: 10.14, loss: 2.3044], Train [acc: 11.00, loss: 2.2976]
Iter:22900, Test [acc: 10.14, loss: 2.3040], Train [acc: 7.00, loss: 2.3070]
Iter:23000, Test [acc: 10.14, loss: 2.3037], Train [acc: 9.00, loss: 2.3047]
Iter:23100, Test [acc: 10.14, loss: 2.3035], Train [acc: 15.00, loss: 2.2977]
Iter:23200, Test [acc: 10.32, loss: 2.3034], Train [acc: 9.00, loss: 2.3082]
Iter:23300, Test [acc: 12.88, loss: 2.3034], Train [acc: 16.00, loss: 2.2965]
Iter:23400, Test [acc: 10.98, loss: 2.3037], Train [acc: 16.00, loss: 2.2841]
Iter:23500, Test [acc: 10.08, loss: 2.3041], Train [acc: 9.00, loss: 2.3005]
Iter:23600, Test [acc: 10.00, loss: 2.3045], Train [acc: 8.00, loss: 2.3033]
Iter:23700, Test [acc: 9.96, loss: 2.3049], Train [acc: 9.00, loss: 2.2995]
Iter:23800, Test [acc: 9.94, loss: 2.3051], Train [acc: 9.00, loss: 2.3094]
Iter:23900, Test [acc: 9.96, loss: 2.3053], Train [acc: 10.00, loss: 2.2956]
Iter:24000, Test [acc: 10.02, loss: 2.3054], Train [acc: 8.00, loss: 2.3076]
Iter:24100, Test [acc: 10.34, loss: 2.3053], Train [acc: 8.00, loss: 2.3073]
Iter:24200, Test [acc: 10.70, loss: 2.3052], Train [acc: 12.00, loss: 2.2969]
Iter:24300, Test [acc: 12.64, loss: 2.3051], Train [acc: 15.00, loss: 2.2967]
Iter:24400, Test [acc: 13.10, loss: 2.3049], Train [acc: 13.00, loss: 2.3007]
Iter:24500, Test [acc: 11.92, loss: 2.3047], Train [acc: 14.00, loss: 2.3007]
Iter:24600, Test [acc: 12.04, loss: 2.3044], Train [acc: 8.00, loss: 2.2998]
Iter:24700, Test [acc: 11.60, loss: 2.3044], Train [acc: 15.00, loss: 2.2860]
Iter:24800, Test [acc: 13.10, loss: 2.3039], Train [acc: 9.00, loss: 2.3052]
Iter:24900, Test [acc: 12.28, loss: 2.3033], Train [acc: 9.00, loss: 2.3057]
Iter:25000, Test [acc: 10.26, loss: 2.3029], Train [acc: 13.00, loss: 2.2961]
Iter:25100, Test [acc: 9.86, loss: 2.3029], Train [acc: 15.00, loss: 2.2831]
Iter:25200, Test [acc: 9.78, loss: 2.3028], Train [acc: 11.00, loss: 2.3096]
Iter:25300, Test [acc: 9.78, loss: 2.3026], Train [acc: 14.00, loss: 2.2986]
Iter:25400, Test [acc: 9.78, loss: 2.3024], Train [acc: 12.00, loss: 2.2924]
Iter:25500, Test [acc: 9.78, loss: 2.3023], Train [acc: 14.00, loss: 2.2948]
Iter:25600, Test [acc: 9.78, loss: 2.3021], Train [acc: 9.00, loss: 2.3035]
Iter:25700, Test [acc: 9.82, loss: 2.3017], Train [acc: 7.00, loss: 2.3245]
Iter:25800, Test [acc: 9.90, loss: 2.3014], Train [acc: 9.00, loss: 2.2933]
Iter:25900, Test [acc: 11.00, loss: 2.3011], Train [acc: 5.00, loss: 2.3035]
Iter:26000, Test [acc: 10.92, loss: 2.3001], Train [acc: 12.00, loss: 2.2998]
Iter:26100, Test [acc: 11.42, loss: 2.2988], Train [acc: 11.00, loss: 2.2840]
Iter:26200, Test [acc: 10.42, loss: 2.2989], Train [acc: 10.00, loss: 2.2930]
Iter:26300, Test [acc: 10.32, loss: 2.2985], Train [acc: 8.00, loss: 2.3025]
Iter:26400, Test [acc: 10.72, loss: 2.2981], Train [acc: 14.00, loss: 2.3051]
Iter:26500, Test [acc: 11.06, loss: 2.2977], Train [acc: 15.00, loss: 2.3009]
Iter:26600, Test [acc: 10.24, loss: 2.2961], Train [acc: 9.00, loss: 2.2898]
Iter:26700, Test [acc: 10.66, loss: 2.2965], Train [acc: 8.00, loss: 2.2990]
Iter:26800, Test [acc: 12.36, loss: 2.2981], Train [acc: 12.00, loss: 2.3081]
Iter:26900, Test [acc: 14.54, loss: 2.2989], Train [acc: 15.00, loss: 2.3014]
Iter:27000, Test [acc: 14.72, loss: 2.2985], Train [acc: 13.00, loss: 2.2992]
Iter:27100, Test [acc: 13.38, loss: 2.2963], Train [acc: 13.00, loss: 2.2981]
Iter:27200, Test [acc: 10.70, loss: 2.2929], Train [acc: 12.00, loss: 2.2915]
Iter:27300, Test [acc: 10.94, loss: 2.2936], Train [acc: 15.00, loss: 2.2636]
Iter:27400, Test [acc: 10.68, loss: 2.3040], Train [acc: 16.00, loss: 2.2931]
Iter:27500, Test [acc: 10.86, loss: 2.3058], Train [acc: 13.00, loss: 2.2828]
Iter:27600, Test [acc: 10.66, loss: 2.2970], Train [acc: 15.00, loss: 2.2707]
Iter:27700, Test [acc: 10.66, loss: 2.2922], Train [acc: 15.00, loss: 2.2758]
Iter:27800, Test [acc: 14.86, loss: 2.2919], Train [acc: 14.00, loss: 2.3035]
Iter:27900, Test [acc: 12.86, loss: 2.2945], Train [acc: 13.00, loss: 2.2875]
Iter:28000, Test [acc: 13.28, loss: 2.2935], Train [acc: 8.00, loss: 2.3072]
Iter:28100, Test [acc: 15.42, loss: 2.2914], Train [acc: 17.00, loss: 2.2825]
Iter:28200, Test [acc: 15.16, loss: 2.2897], Train [acc: 17.00, loss: 2.2851]
Iter:28300, Test [acc: 11.48, loss: 2.2883], Train [acc: 16.00, loss: 2.2722]
Iter:28400, Test [acc: 10.88, loss: 2.2890], Train [acc: 9.00, loss: 2.2824]
Iter:28500, Test [acc: 10.38, loss: 2.2944], Train [acc: 14.00, loss: 2.2738]
Iter:28600, Test [acc: 11.34, loss: 2.2840], Train [acc: 12.00, loss: 2.2735]
Iter:28700, Test [acc: 13.74, loss: 2.2793], Train [acc: 17.00, loss: 2.2682]
Iter:28800, Test [acc: 14.28, loss: 2.2766], Train [acc: 19.00, loss: 2.2425]
Iter:28900, Test [acc: 14.60, loss: 2.2735], Train [acc: 17.00, loss: 2.2680]
Iter:29000, Test [acc: 14.46, loss: 2.2796], Train [acc: 9.00, loss: 2.2887]
Iter:29100, Test [acc: 14.44, loss: 2.2764], Train [acc: 20.00, loss: 2.2583]
Iter:29200, Test [acc: 13.44, loss: 2.2600], Train [acc: 11.00, loss: 2.2403]
Iter:29300, Test [acc: 11.56, loss: 2.2718], Train [acc: 13.00, loss: 2.2654]
Iter:29400, Test [acc: 10.52, loss: 2.3027], Train [acc: 15.00, loss: 2.2612]
Iter:29500, Test [acc: 9.82, loss: 2.3172], Train [acc: 11.00, loss: 2.3036]
Iter:29600, Test [acc: 9.82, loss: 2.3143], Train [acc: 10.00, loss: 2.3175]
Iter:29700, Test [acc: 10.48, loss: 2.2942], Train [acc: 12.00, loss: 2.2761]
Iter:29800, Test [acc: 11.44, loss: 2.2831], Train [acc: 12.00, loss: 2.2945]
Iter:29900, Test [acc: 13.80, loss: 2.2725], Train [acc: 12.00, loss: 2.3165]
