Iter:0, Test [acc: 4.71, loss: 2.3036], Train [acc: 6.00, loss: 2.2893]
Iter:1, Test [acc: 7.81, loss: 2.2976], Train [acc: 12.00, loss: 2.2974]
Iter:2, Test [acc: 5.76, loss: 2.2937], Train [acc: 0.00, loss: 2.2837]
Iter:3, Test [acc: 5.34, loss: 2.2903], Train [acc: 2.00, loss: 2.2885]
Iter:4, Test [acc: 7.51, loss: 2.2862], Train [acc: 16.00, loss: 2.2905]
Iter:5, Test [acc: 11.91, loss: 2.2794], Train [acc: 10.00, loss: 2.2833]
Iter:6, Test [acc: 13.46, loss: 2.2743], Train [acc: 14.00, loss: 2.2765]
Iter:7, Test [acc: 12.74, loss: 2.2684], Train [acc: 8.00, loss: 2.2685]
Iter:8, Test [acc: 13.68, loss: 2.2617], Train [acc: 16.00, loss: 2.2579]
Iter:9, Test [acc: 14.11, loss: 2.2536], Train [acc: 18.00, loss: 2.2255]
Iter:10, Test [acc: 24.25, loss: 2.2470], Train [acc: 46.00, loss: 2.2040]
Iter:11, Test [acc: 24.47, loss: 2.2282], Train [acc: 32.00, loss: 2.2339]
Iter:12, Test [acc: 40.83, loss: 2.2075], Train [acc: 46.00, loss: 2.1878]
Iter:13, Test [acc: 32.88, loss: 2.1739], Train [acc: 44.00, loss: 2.1333]
Iter:14, Test [acc: 43.30, loss: 2.1394], Train [acc: 48.00, loss: 2.1219]
Iter:15, Test [acc: 26.59, loss: 2.0998], Train [acc: 34.00, loss: 2.0616]
Iter:16, Test [acc: 30.01, loss: 2.0601], Train [acc: 34.00, loss: 1.9860]
Iter:17, Test [acc: 22.36, loss: 2.0676], Train [acc: 28.00, loss: 1.8861]
Iter:18, Test [acc: 21.15, loss: 2.0940], Train [acc: 34.00, loss: 1.8924]
Iter:19, Test [acc: 14.35, loss: 2.0025], Train [acc: 22.00, loss: 1.8032]
Iter:20, Test [acc: 25.55, loss: 1.9069], Train [acc: 42.00, loss: 1.7294]
Iter:21, Test [acc: 22.00, loss: 2.2238], Train [acc: 30.00, loss: 1.7020]
Iter:22, Test [acc: 38.28, loss: 2.0786], Train [acc: 44.00, loss: 2.1084]
Iter:23, Test [acc: 35.23, loss: 1.9691], Train [acc: 38.00, loss: 1.9220]
Iter:24, Test [acc: 40.09, loss: 1.8658], Train [acc: 40.00, loss: 1.7595]
Iter:25, Test [acc: 33.47, loss: 1.8152], Train [acc: 42.00, loss: 1.7306]
Iter:26, Test [acc: 41.45, loss: 1.6743], Train [acc: 38.00, loss: 1.5611]
Iter:27, Test [acc: 31.88, loss: 1.8086], Train [acc: 52.00, loss: 1.3407]
Iter:28, Test [acc: 18.69, loss: 2.2880], Train [acc: 24.00, loss: 1.9430]
Iter:29, Test [acc: 40.06, loss: 1.7838], Train [acc: 46.00, loss: 1.6534]
Iter:30, Test [acc: 42.78, loss: 1.6165], Train [acc: 32.00, loss: 1.6203]
Iter:31, Test [acc: 37.36, loss: 1.6161], Train [acc: 58.00, loss: 1.2895]
Iter:32, Test [acc: 32.11, loss: 1.8089], Train [acc: 36.00, loss: 1.6729]
Iter:33, Test [acc: 40.28, loss: 1.6624], Train [acc: 52.00, loss: 1.5496]
Iter:34, Test [acc: 46.20, loss: 1.4458], Train [acc: 52.00, loss: 1.2050]
Iter:35, Test [acc: 33.46, loss: 1.6159], Train [acc: 46.00, loss: 1.4759]
Iter:36, Test [acc: 28.75, loss: 1.8305], Train [acc: 50.00, loss: 1.2584]
Iter:37, Test [acc: 28.76, loss: 1.7296], Train [acc: 28.00, loss: 1.6865]
Iter:38, Test [acc: 32.59, loss: 1.5727], Train [acc: 34.00, loss: 1.5630]
Iter:39, Test [acc: 40.68, loss: 1.4398], Train [acc: 48.00, loss: 1.2923]
Iter:40, Test [acc: 42.51, loss: 1.4557], Train [acc: 58.00, loss: 1.2723]
Iter:41, Test [acc: 40.94, loss: 1.6302], Train [acc: 56.00, loss: 1.3278]
Iter:42, Test [acc: 42.69, loss: 1.5670], Train [acc: 58.00, loss: 1.2457]
Iter:43, Test [acc: 57.58, loss: 1.3112], Train [acc: 66.00, loss: 1.1652]
Iter:44, Test [acc: 40.26, loss: 1.3455], Train [acc: 52.00, loss: 1.0917]
Iter:45, Test [acc: 37.14, loss: 1.5374], Train [acc: 40.00, loss: 1.3377]
Iter:46, Test [acc: 40.84, loss: 1.5107], Train [acc: 46.00, loss: 1.2286]
Iter:47, Test [acc: 43.10, loss: 1.3346], Train [acc: 44.00, loss: 1.3931]
Iter:48, Test [acc: 51.08, loss: 1.2394], Train [acc: 62.00, loss: 1.1201]
Iter:49, Test [acc: 55.05, loss: 1.1720], Train [acc: 56.00, loss: 1.0868]
Iter:50, Test [acc: 43.70, loss: 1.4159], Train [acc: 64.00, loss: 0.8257]
Iter:51, Test [acc: 38.96, loss: 1.5333], Train [acc: 54.00, loss: 1.1268]
Iter:52, Test [acc: 46.49, loss: 1.4232], Train [acc: 54.00, loss: 1.2378]
Iter:53, Test [acc: 54.59, loss: 1.2300], Train [acc: 56.00, loss: 1.1125]
Iter:54, Test [acc: 56.93, loss: 1.1731], Train [acc: 72.00, loss: 0.8689]
Iter:55, Test [acc: 48.85, loss: 1.2462], Train [acc: 62.00, loss: 0.7784]
Iter:56, Test [acc: 46.11, loss: 1.3991], Train [acc: 56.00, loss: 1.0890]
Iter:57, Test [acc: 49.52, loss: 1.2370], Train [acc: 54.00, loss: 1.1703]
Iter:58, Test [acc: 54.04, loss: 1.1930], Train [acc: 54.00, loss: 1.0456]
Iter:59, Test [acc: 59.22, loss: 1.1151], Train [acc: 50.00, loss: 1.1944]
Iter:60, Test [acc: 52.84, loss: 1.1253], Train [acc: 62.00, loss: 0.8162]
Iter:61, Test [acc: 42.43, loss: 1.5170], Train [acc: 62.00, loss: 0.9182]
Iter:62, Test [acc: 43.68, loss: 1.5666], Train [acc: 54.00, loss: 1.2163]
Iter:63, Test [acc: 41.90, loss: 1.5237], Train [acc: 50.00, loss: 1.2913]
Iter:64, Test [acc: 48.11, loss: 1.4037], Train [acc: 70.00, loss: 0.8901]
Iter:65, Test [acc: 39.74, loss: 1.4769], Train [acc: 52.00, loss: 1.1146]
Iter:66, Test [acc: 52.61, loss: 1.2574], Train [acc: 50.00, loss: 1.2500]
Iter:67, Test [acc: 60.02, loss: 1.1315], Train [acc: 78.00, loss: 0.9059]
Iter:68, Test [acc: 60.04, loss: 1.0929], Train [acc: 62.00, loss: 0.9979]
Iter:69, Test [acc: 54.11, loss: 1.0960], Train [acc: 60.00, loss: 1.0405]
Iter:70, Test [acc: 46.38, loss: 1.3341], Train [acc: 50.00, loss: 1.0582]
Iter:71, Test [acc: 54.25, loss: 1.1994], Train [acc: 66.00, loss: 0.9118]
Iter:72, Test [acc: 55.65, loss: 1.0881], Train [acc: 70.00, loss: 0.8800]
Iter:73, Test [acc: 58.49, loss: 1.0318], Train [acc: 68.00, loss: 0.8889]
Iter:74, Test [acc: 60.24, loss: 1.0763], Train [acc: 60.00, loss: 0.9994]
Iter:75, Test [acc: 53.46, loss: 1.1247], Train [acc: 66.00, loss: 1.0182]
Iter:76, Test [acc: 56.27, loss: 1.1656], Train [acc: 58.00, loss: 0.9717]
Iter:77, Test [acc: 51.88, loss: 1.1535], Train [acc: 60.00, loss: 1.0632]
Iter:78, Test [acc: 57.80, loss: 1.0605], Train [acc: 70.00, loss: 0.7549]
Iter:79, Test [acc: 55.88, loss: 1.1502], Train [acc: 60.00, loss: 1.1018]
Iter:80, Test [acc: 61.45, loss: 1.0266], Train [acc: 74.00, loss: 0.8112]
Iter:81, Test [acc: 61.61, loss: 1.0037], Train [acc: 62.00, loss: 0.8604]
Iter:82, Test [acc: 49.98, loss: 1.2769], Train [acc: 62.00, loss: 0.9297]
Iter:83, Test [acc: 54.90, loss: 1.1877], Train [acc: 78.00, loss: 0.8507]
Iter:84, Test [acc: 56.33, loss: 1.0767], Train [acc: 64.00, loss: 0.8885]
Iter:85, Test [acc: 63.58, loss: 0.9983], Train [acc: 72.00, loss: 0.9154]
Iter:86, Test [acc: 63.32, loss: 0.9402], Train [acc: 64.00, loss: 0.8069]
Iter:87, Test [acc: 57.50, loss: 1.0821], Train [acc: 70.00, loss: 0.6886]
Iter:88, Test [acc: 52.49, loss: 1.1134], Train [acc: 60.00, loss: 1.0204]
Iter:89, Test [acc: 57.79, loss: 1.0781], Train [acc: 62.00, loss: 0.9414]
Iter:90, Test [acc: 62.56, loss: 0.9807], Train [acc: 72.00, loss: 0.8333]
Iter:91, Test [acc: 56.52, loss: 1.0229], Train [acc: 74.00, loss: 0.7376]
Iter:92, Test [acc: 58.98, loss: 1.0395], Train [acc: 64.00, loss: 0.9950]
Iter:93, Test [acc: 57.96, loss: 1.1562], Train [acc: 66.00, loss: 0.9071]
Iter:94, Test [acc: 46.97, loss: 1.2089], Train [acc: 58.00, loss: 1.0576]
Iter:95, Test [acc: 56.29, loss: 1.1473], Train [acc: 68.00, loss: 1.0204]
Iter:96, Test [acc: 63.04, loss: 0.9905], Train [acc: 68.00, loss: 0.9969]
Iter:97, Test [acc: 58.34, loss: 1.0660], Train [acc: 72.00, loss: 0.8313]
Iter:98, Test [acc: 56.22, loss: 1.0249], Train [acc: 74.00, loss: 0.7240]
Iter:99, Test [acc: 61.33, loss: 1.0098], Train [acc: 70.00, loss: 0.7791]
Iter:100, Test [acc: 64.09, loss: 0.9077], Train [acc: 66.00, loss: 0.7530]
Iter:200, Test [acc: 61.62, loss: 1.0929], Train [acc: 82.00, loss: 0.5555]
Iter:300, Test [acc: 73.38, loss: 0.6945], Train [acc: 78.00, loss: 0.4680]
Iter:400, Test [acc: 78.71, loss: 0.6037], Train [acc: 86.00, loss: 0.3236]
Iter:500, Test [acc: 76.04, loss: 0.6722], Train [acc: 98.00, loss: 0.1922]
Iter:600, Test [acc: 74.18, loss: 0.7486], Train [acc: 86.00, loss: 0.3476]
Iter:700, Test [acc: 77.28, loss: 0.6949], Train [acc: 92.00, loss: 0.1622]
Iter:800, Test [acc: 78.89, loss: 0.7405], Train [acc: 98.00, loss: 0.0657]
Iter:900, Test [acc: 79.07, loss: 0.7146], Train [acc: 100.00, loss: 0.0742]
Iter:1000, Test [acc: 78.89, loss: 0.7899], Train [acc: 96.00, loss: 0.1290]
Iter:1100, Test [acc: 76.80, loss: 0.8080], Train [acc: 96.00, loss: 0.0742]
Iter:1200, Test [acc: 77.93, loss: 0.8739], Train [acc: 98.00, loss: 0.0368]
Iter:1300, Test [acc: 51.00, loss: 1.9229], Train [acc: 74.00, loss: 0.9288]
Iter:1400, Test [acc: 79.06, loss: 0.7957], Train [acc: 98.00, loss: 0.0738]
Iter:1500, Test [acc: 78.91, loss: 0.8353], Train [acc: 100.00, loss: 0.0268]
Iter:1600, Test [acc: 78.50, loss: 0.8790], Train [acc: 98.00, loss: 0.0673]
Iter:1700, Test [acc: 77.23, loss: 1.0878], Train [acc: 96.00, loss: 0.0829]
Iter:1800, Test [acc: 79.64, loss: 1.0673], Train [acc: 100.00, loss: 0.0079]
Iter:1900, Test [acc: 80.31, loss: 1.1441], Train [acc: 100.00, loss: 0.0069]
Iter:2000, Test [acc: 79.68, loss: 1.2122], Train [acc: 100.00, loss: 0.0027]
Iter:2100, Test [acc: 79.42, loss: 1.2329], Train [acc: 100.00, loss: 0.0043]
Iter:2200, Test [acc: 79.17, loss: 1.3021], Train [acc: 100.00, loss: 0.0025]
Iter:2300, Test [acc: 79.94, loss: 1.3344], Train [acc: 100.00, loss: 0.0053]
Iter:2400, Test [acc: 79.77, loss: 1.4277], Train [acc: 100.00, loss: 0.0019]
Iter:2500, Test [acc: 80.01, loss: 1.4727], Train [acc: 100.00, loss: 0.0018]
Iter:2600, Test [acc: 80.00, loss: 1.5164], Train [acc: 100.00, loss: 0.0023]
Iter:2700, Test [acc: 80.05, loss: 1.5503], Train [acc: 100.00, loss: 0.0014]
Iter:2800, Test [acc: 79.96, loss: 1.5733], Train [acc: 100.00, loss: 0.0020]
Iter:2900, Test [acc: 79.93, loss: 1.5890], Train [acc: 100.00, loss: 0.0009]
Iter:3000, Test [acc: 80.07, loss: 1.6144], Train [acc: 100.00, loss: 0.0007]
Iter:3100, Test [acc: 79.99, loss: 1.6317], Train [acc: 100.00, loss: 0.0008]
Iter:3200, Test [acc: 79.98, loss: 1.6581], Train [acc: 100.00, loss: 0.0006]
Iter:3300, Test [acc: 79.95, loss: 1.6723], Train [acc: 100.00, loss: 0.0002]
Iter:3400, Test [acc: 79.96, loss: 1.7002], Train [acc: 100.00, loss: 0.0005]
Iter:3500, Test [acc: 80.01, loss: 1.7130], Train [acc: 100.00, loss: 0.0006]
Iter:3600, Test [acc: 79.97, loss: 1.7239], Train [acc: 100.00, loss: 0.0006]
Iter:3700, Test [acc: 79.98, loss: 1.7369], Train [acc: 100.00, loss: 0.0005]
Iter:3800, Test [acc: 79.89, loss: 1.7416], Train [acc: 100.00, loss: 0.0007]
Iter:3900, Test [acc: 79.93, loss: 1.7562], Train [acc: 100.00, loss: 0.0006]
Iter:4000, Test [acc: 79.95, loss: 1.7737], Train [acc: 100.00, loss: 0.0005]
Iter:4100, Test [acc: 79.90, loss: 1.7814], Train [acc: 100.00, loss: 0.0002]
Iter:4200, Test [acc: 79.99, loss: 1.7910], Train [acc: 100.00, loss: 0.0004]
Iter:4300, Test [acc: 79.99, loss: 1.8082], Train [acc: 100.00, loss: 0.0003]
Iter:4400, Test [acc: 80.00, loss: 1.8128], Train [acc: 100.00, loss: 0.0006]
Iter:4500, Test [acc: 79.93, loss: 1.8200], Train [acc: 100.00, loss: 0.0004]
Iter:4600, Test [acc: 79.93, loss: 1.8315], Train [acc: 100.00, loss: 0.0004]
Iter:4700, Test [acc: 79.95, loss: 1.8393], Train [acc: 100.00, loss: 0.0002]
Iter:4800, Test [acc: 79.90, loss: 1.8509], Train [acc: 100.00, loss: 0.0003]
Iter:4900, Test [acc: 79.93, loss: 1.8579], Train [acc: 100.00, loss: 0.0003]
Iter:5000, Test [acc: 80.00, loss: 1.8659], Train [acc: 100.00, loss: 0.0002]
Iter:5100, Test [acc: 79.94, loss: 1.8716], Train [acc: 100.00, loss: 0.0002]
Iter:5200, Test [acc: 79.93, loss: 1.8753], Train [acc: 100.00, loss: 0.0003]
Iter:5300, Test [acc: 79.92, loss: 1.8818], Train [acc: 100.00, loss: 0.0003]
Iter:5400, Test [acc: 79.86, loss: 1.8901], Train [acc: 100.00, loss: 0.0005]
Iter:5500, Test [acc: 79.92, loss: 1.8984], Train [acc: 100.00, loss: 0.0002]
Iter:5600, Test [acc: 79.93, loss: 1.9034], Train [acc: 100.00, loss: 0.0002]
Iter:5700, Test [acc: 79.91, loss: 1.9103], Train [acc: 100.00, loss: 0.0004]
Iter:5800, Test [acc: 79.89, loss: 1.9145], Train [acc: 100.00, loss: 0.0004]
Iter:5900, Test [acc: 79.91, loss: 1.9231], Train [acc: 100.00, loss: 0.0003]
Iter:6000, Test [acc: 79.92, loss: 1.9277], Train [acc: 100.00, loss: 0.0002]
Iter:6100, Test [acc: 79.91, loss: 1.9361], Train [acc: 100.00, loss: 0.0002]
Iter:6200, Test [acc: 79.94, loss: 1.9405], Train [acc: 100.00, loss: 0.0002]
Iter:6300, Test [acc: 79.95, loss: 1.9458], Train [acc: 100.00, loss: 0.0003]
Iter:6400, Test [acc: 79.92, loss: 1.9518], Train [acc: 100.00, loss: 0.0001]
Iter:6500, Test [acc: 79.93, loss: 1.9577], Train [acc: 100.00, loss: 0.0001]
Iter:6600, Test [acc: 79.90, loss: 1.9658], Train [acc: 100.00, loss: 0.0002]
Iter:6700, Test [acc: 79.88, loss: 1.9657], Train [acc: 100.00, loss: 0.0002]
Iter:6800, Test [acc: 79.88, loss: 1.9721], Train [acc: 100.00, loss: 0.0002]
Iter:6900, Test [acc: 79.92, loss: 1.9790], Train [acc: 100.00, loss: 0.0000]
Iter:7000, Test [acc: 79.91, loss: 1.9831], Train [acc: 100.00, loss: 0.0001]
Iter:7100, Test [acc: 79.94, loss: 1.9908], Train [acc: 100.00, loss: 0.0002]
Iter:7200, Test [acc: 79.88, loss: 1.9924], Train [acc: 100.00, loss: 0.0002]
Iter:7300, Test [acc: 79.91, loss: 1.9969], Train [acc: 100.00, loss: 0.0003]
Iter:7400, Test [acc: 79.93, loss: 1.9995], Train [acc: 100.00, loss: 0.0002]
Iter:7500, Test [acc: 79.94, loss: 2.0072], Train [acc: 100.00, loss: 0.0001]
Iter:7600, Test [acc: 79.91, loss: 2.0097], Train [acc: 100.00, loss: 0.0002]
Iter:7700, Test [acc: 79.92, loss: 2.0157], Train [acc: 100.00, loss: 0.0002]
Iter:7800, Test [acc: 79.91, loss: 2.0182], Train [acc: 100.00, loss: 0.0001]
Iter:7900, Test [acc: 79.91, loss: 2.0233], Train [acc: 100.00, loss: 0.0001]
Iter:8000, Test [acc: 79.86, loss: 2.0237], Train [acc: 100.00, loss: 0.0001]
Iter:8100, Test [acc: 79.91, loss: 2.0303], Train [acc: 100.00, loss: 0.0002]
Iter:8200, Test [acc: 79.93, loss: 2.0372], Train [acc: 100.00, loss: 0.0002]
Iter:8300, Test [acc: 79.91, loss: 2.0393], Train [acc: 100.00, loss: 0.0002]
Iter:8400, Test [acc: 79.90, loss: 2.0409], Train [acc: 100.00, loss: 0.0001]
Iter:8500, Test [acc: 79.90, loss: 2.0471], Train [acc: 100.00, loss: 0.0002]
Iter:8600, Test [acc: 79.92, loss: 2.0501], Train [acc: 100.00, loss: 0.0002]
Iter:8700, Test [acc: 79.92, loss: 2.0542], Train [acc: 100.00, loss: 0.0001]
Iter:8800, Test [acc: 79.94, loss: 2.0571], Train [acc: 100.00, loss: 0.0001]
Iter:8900, Test [acc: 79.93, loss: 2.0604], Train [acc: 100.00, loss: 0.0001]
Iter:9000, Test [acc: 79.91, loss: 2.0643], Train [acc: 100.00, loss: 0.0001]
Iter:9100, Test [acc: 79.91, loss: 2.0671], Train [acc: 100.00, loss: 0.0001]
Iter:9200, Test [acc: 79.91, loss: 2.0716], Train [acc: 100.00, loss: 0.0001]
Iter:9300, Test [acc: 79.90, loss: 2.0745], Train [acc: 100.00, loss: 0.0001]
Iter:9400, Test [acc: 79.91, loss: 2.0784], Train [acc: 100.00, loss: 0.0001]
Iter:9500, Test [acc: 79.92, loss: 2.0809], Train [acc: 100.00, loss: 0.0002]
Iter:9600, Test [acc: 79.92, loss: 2.0859], Train [acc: 100.00, loss: 0.0001]
Iter:9700, Test [acc: 79.93, loss: 2.0899], Train [acc: 100.00, loss: 0.0001]
Iter:9800, Test [acc: 79.91, loss: 2.0918], Train [acc: 100.00, loss: 0.0001]
Iter:9900, Test [acc: 79.90, loss: 2.0943], Train [acc: 100.00, loss: 0.0002]
Iter:10000, Test [acc: 79.91, loss: 2.1001], Train [acc: 100.00, loss: 0.0001]
