Iter:0, Test [acc: 7.73, loss: 2.3009], Train [acc: 4.90, loss: 2.3099]
Iter:1, Test [acc: 8.59, loss: 2.2955], Train [acc: 5.90, loss: 2.3035]
Iter:2, Test [acc: 9.83, loss: 2.2894], Train [acc: 6.90, loss: 2.2979]
Iter:3, Test [acc: 9.93, loss: 2.2849], Train [acc: 7.90, loss: 2.2920]
Iter:4, Test [acc: 9.70, loss: 2.2806], Train [acc: 8.00, loss: 2.2875]
Iter:5, Test [acc: 11.62, loss: 2.2748], Train [acc: 7.60, loss: 2.2828]
Iter:6, Test [acc: 15.00, loss: 2.2683], Train [acc: 10.40, loss: 2.2771]
Iter:7, Test [acc: 20.00, loss: 2.2599], Train [acc: 14.50, loss: 2.2702]
Iter:8, Test [acc: 20.75, loss: 2.2501], Train [acc: 18.90, loss: 2.2617]
Iter:9, Test [acc: 26.29, loss: 2.2370], Train [acc: 20.50, loss: 2.2513]
Iter:10, Test [acc: 25.31, loss: 2.2213], Train [acc: 25.30, loss: 2.2380]
Iter:11, Test [acc: 34.06, loss: 2.1991], Train [acc: 25.80, loss: 2.2212]
Iter:12, Test [acc: 34.80, loss: 2.1714], Train [acc: 35.80, loss: 2.1987]
Iter:13, Test [acc: 45.19, loss: 2.1312], Train [acc: 36.40, loss: 2.1694]
Iter:14, Test [acc: 46.97, loss: 2.0787], Train [acc: 46.10, loss: 2.1288]
Iter:15, Test [acc: 46.00, loss: 2.0037], Train [acc: 47.40, loss: 2.0741]
Iter:16, Test [acc: 49.25, loss: 1.9035], Train [acc: 48.40, loss: 1.9987]
Iter:17, Test [acc: 35.34, loss: 1.7965], Train [acc: 50.80, loss: 1.8972]
Iter:18, Test [acc: 28.32, loss: 1.9013], Train [acc: 37.00, loss: 1.7891]
Iter:19, Test [acc: 20.16, loss: 2.8449], Train [acc: 29.30, loss: 1.8981]
Iter:20, Test [acc: 21.33, loss: 2.1853], Train [acc: 20.30, loss: 2.8537]
Iter:21, Test [acc: 21.39, loss: 2.1138], Train [acc: 20.60, loss: 2.1906]
Iter:22, Test [acc: 29.12, loss: 2.0339], Train [acc: 20.90, loss: 2.1142]
Iter:23, Test [acc: 42.76, loss: 1.9293], Train [acc: 28.30, loss: 2.0348]
Iter:24, Test [acc: 43.20, loss: 1.8026], Train [acc: 43.40, loss: 1.9293]
Iter:25, Test [acc: 43.36, loss: 1.6654], Train [acc: 44.00, loss: 1.8014]
Iter:26, Test [acc: 50.02, loss: 1.5245], Train [acc: 44.10, loss: 1.6613]
Iter:27, Test [acc: 51.53, loss: 1.4003], Train [acc: 51.30, loss: 1.5130]
Iter:28, Test [acc: 37.12, loss: 1.6659], Train [acc: 50.90, loss: 1.3927]
Iter:29, Test [acc: 22.07, loss: 2.2901], Train [acc: 36.50, loss: 1.6462]
Iter:30, Test [acc: 33.45, loss: 1.8612], Train [acc: 23.60, loss: 2.2975]
Iter:31, Test [acc: 38.95, loss: 1.6933], Train [acc: 33.80, loss: 1.8828]
Iter:32, Test [acc: 42.38, loss: 1.5537], Train [acc: 37.70, loss: 1.7115]
Iter:33, Test [acc: 43.15, loss: 1.4132], Train [acc: 41.70, loss: 1.5590]
Iter:34, Test [acc: 49.18, loss: 1.2841], Train [acc: 43.50, loss: 1.4015]
Iter:35, Test [acc: 52.27, loss: 1.2207], Train [acc: 50.40, loss: 1.2657]
Iter:36, Test [acc: 39.62, loss: 1.3192], Train [acc: 53.20, loss: 1.2062]
Iter:37, Test [acc: 29.03, loss: 2.0282], Train [acc: 41.30, loss: 1.3072]
Iter:38, Test [acc: 32.47, loss: 1.8964], Train [acc: 29.70, loss: 2.0250]
Iter:39, Test [acc: 36.13, loss: 1.7091], Train [acc: 32.50, loss: 1.9255]
Iter:40, Test [acc: 45.70, loss: 1.5388], Train [acc: 38.30, loss: 1.7099]
Iter:41, Test [acc: 40.53, loss: 1.5305], Train [acc: 46.20, loss: 1.5452]
Iter:42, Test [acc: 40.89, loss: 1.5048], Train [acc: 41.20, loss: 1.5228]
Iter:43, Test [acc: 31.10, loss: 1.6777], Train [acc: 43.90, loss: 1.4996]
Iter:44, Test [acc: 40.57, loss: 1.6011], Train [acc: 30.30, loss: 1.6783]
Iter:45, Test [acc: 48.01, loss: 1.3371], Train [acc: 41.10, loss: 1.6128]
Iter:46, Test [acc: 58.33, loss: 1.1946], Train [acc: 45.90, loss: 1.3548]
Iter:47, Test [acc: 54.87, loss: 1.1170], Train [acc: 57.60, loss: 1.1921]
Iter:48, Test [acc: 44.19, loss: 1.3552], Train [acc: 54.50, loss: 1.1138]
Iter:49, Test [acc: 33.15, loss: 2.6178], Train [acc: 45.30, loss: 1.3188]
Iter:50, Test [acc: 31.36, loss: 1.8405], Train [acc: 33.70, loss: 2.6363]
Iter:51, Test [acc: 36.62, loss: 1.7405], Train [acc: 30.80, loss: 1.8379]
Iter:52, Test [acc: 37.53, loss: 1.6783], Train [acc: 37.90, loss: 1.7284]
Iter:53, Test [acc: 37.47, loss: 1.6201], Train [acc: 39.10, loss: 1.6583]
Iter:54, Test [acc: 38.93, loss: 1.5614], Train [acc: 39.70, loss: 1.5929]
Iter:55, Test [acc: 38.27, loss: 1.5287], Train [acc: 41.20, loss: 1.5287]
Iter:56, Test [acc: 43.23, loss: 1.6123], Train [acc: 40.50, loss: 1.4871]
Iter:57, Test [acc: 35.46, loss: 1.7281], Train [acc: 44.80, loss: 1.5710]
Iter:58, Test [acc: 43.54, loss: 1.5025], Train [acc: 37.50, loss: 1.6625]
Iter:59, Test [acc: 49.09, loss: 1.3069], Train [acc: 45.60, loss: 1.4762]
Iter:60, Test [acc: 52.34, loss: 1.2425], Train [acc: 50.50, loss: 1.2822]
Iter:61, Test [acc: 53.75, loss: 1.1669], Train [acc: 55.60, loss: 1.1881]
Iter:62, Test [acc: 46.82, loss: 1.2931], Train [acc: 53.80, loss: 1.1459]
Iter:63, Test [acc: 35.66, loss: 1.6087], Train [acc: 50.30, loss: 1.2236]
Iter:64, Test [acc: 42.22, loss: 1.5403], Train [acc: 37.10, loss: 1.5833]
Iter:65, Test [acc: 40.66, loss: 1.4463], Train [acc: 42.30, loss: 1.4690]
Iter:66, Test [acc: 54.09, loss: 1.2070], Train [acc: 43.60, loss: 1.3854]
Iter:67, Test [acc: 54.87, loss: 1.0827], Train [acc: 58.50, loss: 1.1725]
Iter:68, Test [acc: 62.21, loss: 1.0352], Train [acc: 58.40, loss: 1.0451]
Iter:69, Test [acc: 55.05, loss: 1.0315], Train [acc: 63.60, loss: 1.0064]
Iter:70, Test [acc: 56.08, loss: 1.0551], Train [acc: 58.40, loss: 0.9908]
Iter:71, Test [acc: 51.36, loss: 1.3445], Train [acc: 55.40, loss: 1.0440]
Iter:72, Test [acc: 54.79, loss: 1.2997], Train [acc: 52.20, loss: 1.2591]
Iter:73, Test [acc: 50.68, loss: 1.1744], Train [acc: 55.40, loss: 1.3034]
Iter:74, Test [acc: 59.51, loss: 1.0269], Train [acc: 51.50, loss: 1.1394]
Iter:75, Test [acc: 59.34, loss: 1.0133], Train [acc: 60.00, loss: 0.9949]
Iter:76, Test [acc: 60.75, loss: 0.9826], Train [acc: 63.30, loss: 0.9658]
Iter:77, Test [acc: 57.20, loss: 1.1176], Train [acc: 61.50, loss: 0.9643]
Iter:78, Test [acc: 51.40, loss: 1.2034], Train [acc: 59.60, loss: 1.0459]
Iter:79, Test [acc: 49.73, loss: 1.1660], Train [acc: 52.60, loss: 1.2131]
Iter:80, Test [acc: 55.20, loss: 1.0824], Train [acc: 51.10, loss: 1.1144]
Iter:81, Test [acc: 64.91, loss: 0.9740], Train [acc: 57.00, loss: 1.0261]
Iter:82, Test [acc: 59.88, loss: 0.9746], Train [acc: 65.60, loss: 0.9386]
Iter:83, Test [acc: 58.28, loss: 0.9792], Train [acc: 60.80, loss: 0.9302]
Iter:84, Test [acc: 56.54, loss: 1.1183], Train [acc: 59.60, loss: 0.9457]
Iter:85, Test [acc: 57.41, loss: 1.0219], Train [acc: 57.10, loss: 1.0649]
Iter:86, Test [acc: 59.58, loss: 0.9931], Train [acc: 60.70, loss: 0.9870]
Iter:87, Test [acc: 60.15, loss: 0.9825], Train [acc: 60.30, loss: 0.9540]
Iter:88, Test [acc: 58.62, loss: 1.0300], Train [acc: 61.90, loss: 0.9266]
Iter:89, Test [acc: 56.83, loss: 1.0662], Train [acc: 59.70, loss: 1.0018]
Iter:90, Test [acc: 56.12, loss: 1.0582], Train [acc: 58.60, loss: 0.9946]
Iter:91, Test [acc: 60.63, loss: 1.0049], Train [acc: 58.60, loss: 1.0192]
Iter:92, Test [acc: 58.14, loss: 1.0219], Train [acc: 62.40, loss: 0.9482]
Iter:93, Test [acc: 63.93, loss: 0.9442], Train [acc: 60.70, loss: 0.9674]
Iter:94, Test [acc: 59.38, loss: 0.9730], Train [acc: 64.80, loss: 0.8973]
Iter:95, Test [acc: 59.94, loss: 0.9736], Train [acc: 62.10, loss: 0.9176]
Iter:96, Test [acc: 55.29, loss: 1.0878], Train [acc: 60.20, loss: 0.9201]
Iter:97, Test [acc: 56.58, loss: 1.0107], Train [acc: 57.00, loss: 1.0332]
Iter:98, Test [acc: 63.50, loss: 0.9098], Train [acc: 57.50, loss: 0.9535]
Iter:99, Test [acc: 64.78, loss: 0.9022], Train [acc: 65.50, loss: 0.8657]
Iter:100, Test [acc: 65.49, loss: 0.9001], Train [acc: 66.80, loss: 0.8386]
Iter:200, Test [acc: 72.99, loss: 0.7444], Train [acc: 72.50, loss: 0.7072]
Iter:300, Test [acc: 71.53, loss: 0.7752], Train [acc: 77.90, loss: 0.6302]
Iter:400, Test [acc: 74.05, loss: 0.7488], Train [acc: 81.10, loss: 0.4661]
Iter:500, Test [acc: 75.51, loss: 0.7821], Train [acc: 85.60, loss: 0.3651]
Iter:600, Test [acc: 75.81, loss: 0.7559], Train [acc: 89.20, loss: 0.2797]
Iter:700, Test [acc: 77.74, loss: 0.8647], Train [acc: 86.40, loss: 0.2998]
Iter:800, Test [acc: 74.04, loss: 0.7806], Train [acc: 77.50, loss: 0.6079]
Iter:900, Test [acc: 77.92, loss: 0.8414], Train [acc: 91.70, loss: 0.2368]
Iter:1000, Test [acc: 75.99, loss: 0.8779], Train [acc: 95.30, loss: 0.1427]
Iter:1100, Test [acc: 74.54, loss: 0.8369], Train [acc: 86.30, loss: 0.3681]
Iter:1200, Test [acc: 78.50, loss: 0.9797], Train [acc: 96.20, loss: 0.1041]
Iter:1300, Test [acc: 74.62, loss: 1.2120], Train [acc: 94.80, loss: 0.1392]
Iter:1400, Test [acc: 79.29, loss: 1.2261], Train [acc: 99.40, loss: 0.0312]
Iter:1500, Test [acc: 79.15, loss: 1.3707], Train [acc: 99.60, loss: 0.0193]
Iter:1600, Test [acc: 75.82, loss: 0.7189], Train [acc: 83.70, loss: 0.4378]
Iter:1700, Test [acc: 78.96, loss: 0.7032], Train [acc: 92.90, loss: 0.2114]
Iter:1800, Test [acc: 77.65, loss: 0.8366], Train [acc: 92.30, loss: 0.2199]
Iter:1900, Test [acc: 75.33, loss: 1.0337], Train [acc: 94.40, loss: 0.1460]
Iter:2000, Test [acc: 78.85, loss: 1.1089], Train [acc: 99.40, loss: 0.0314]
Iter:2100, Test [acc: 77.62, loss: 1.2594], Train [acc: 98.30, loss: 0.0539]
Iter:2200, Test [acc: 76.30, loss: 1.2949], Train [acc: 93.30, loss: 0.1800]
Iter:2300, Test [acc: 79.09, loss: 1.3047], Train [acc: 100.00, loss: 0.0091]
Iter:2400, Test [acc: 79.12, loss: 1.4072], Train [acc: 100.00, loss: 0.0059]
Iter:2500, Test [acc: 79.11, loss: 1.4777], Train [acc: 100.00, loss: 0.0044]
Iter:2600, Test [acc: 79.12, loss: 1.5352], Train [acc: 100.00, loss: 0.0034]
Iter:2700, Test [acc: 79.08, loss: 1.5809], Train [acc: 100.00, loss: 0.0028]
Iter:2800, Test [acc: 79.07, loss: 1.6225], Train [acc: 100.00, loss: 0.0024]
Iter:2900, Test [acc: 79.09, loss: 1.6612], Train [acc: 100.00, loss: 0.0020]
Iter:3000, Test [acc: 79.09, loss: 1.6935], Train [acc: 100.00, loss: 0.0018]
Iter:3100, Test [acc: 79.10, loss: 1.7233], Train [acc: 100.00, loss: 0.0016]
Iter:3200, Test [acc: 79.08, loss: 1.7503], Train [acc: 100.00, loss: 0.0014]
Iter:3300, Test [acc: 79.08, loss: 1.7750], Train [acc: 100.00, loss: 0.0012]
Iter:3400, Test [acc: 79.09, loss: 1.7988], Train [acc: 100.00, loss: 0.0011]
Iter:3500, Test [acc: 79.07, loss: 1.8207], Train [acc: 100.00, loss: 0.0010]
Iter:3600, Test [acc: 79.07, loss: 1.8405], Train [acc: 100.00, loss: 0.0009]
Iter:3700, Test [acc: 79.09, loss: 1.8591], Train [acc: 100.00, loss: 0.0009]
Iter:3800, Test [acc: 79.08, loss: 1.8771], Train [acc: 100.00, loss: 0.0008]
Iter:3900, Test [acc: 79.08, loss: 1.8936], Train [acc: 100.00, loss: 0.0008]
Iter:4000, Test [acc: 79.06, loss: 1.9100], Train [acc: 100.00, loss: 0.0007]
Iter:4100, Test [acc: 79.05, loss: 1.9251], Train [acc: 100.00, loss: 0.0007]
Iter:4200, Test [acc: 79.06, loss: 1.9391], Train [acc: 100.00, loss: 0.0006]
Iter:4300, Test [acc: 79.07, loss: 1.9524], Train [acc: 100.00, loss: 0.0006]
Iter:4400, Test [acc: 79.06, loss: 1.9660], Train [acc: 100.00, loss: 0.0006]
Iter:4500, Test [acc: 79.06, loss: 1.9787], Train [acc: 100.00, loss: 0.0005]
Iter:4600, Test [acc: 79.06, loss: 1.9906], Train [acc: 100.00, loss: 0.0005]
Iter:4700, Test [acc: 79.07, loss: 2.0015], Train [acc: 100.00, loss: 0.0005]
Iter:4800, Test [acc: 79.08, loss: 2.0127], Train [acc: 100.00, loss: 0.0005]
Iter:4900, Test [acc: 79.07, loss: 2.0235], Train [acc: 100.00, loss: 0.0004]
Iter:5000, Test [acc: 79.07, loss: 2.0336], Train [acc: 100.00, loss: 0.0004]
Iter:5100, Test [acc: 79.07, loss: 2.0436], Train [acc: 100.00, loss: 0.0004]
Iter:5200, Test [acc: 79.07, loss: 2.0536], Train [acc: 100.00, loss: 0.0004]
Iter:5300, Test [acc: 79.06, loss: 2.0628], Train [acc: 100.00, loss: 0.0004]
Iter:5400, Test [acc: 79.06, loss: 2.0712], Train [acc: 100.00, loss: 0.0003]
Iter:5500, Test [acc: 79.06, loss: 2.0805], Train [acc: 100.00, loss: 0.0003]
Iter:5600, Test [acc: 79.06, loss: 2.0891], Train [acc: 100.00, loss: 0.0003]
Iter:5700, Test [acc: 79.07, loss: 2.0973], Train [acc: 100.00, loss: 0.0003]
Iter:5800, Test [acc: 79.06, loss: 2.1055], Train [acc: 100.00, loss: 0.0003]
Iter:5900, Test [acc: 79.06, loss: 2.1134], Train [acc: 100.00, loss: 0.0003]
Iter:6000, Test [acc: 79.06, loss: 2.1211], Train [acc: 100.00, loss: 0.0003]
Iter:6100, Test [acc: 79.06, loss: 2.1285], Train [acc: 100.00, loss: 0.0003]
Iter:6200, Test [acc: 79.06, loss: 2.1357], Train [acc: 100.00, loss: 0.0003]
Iter:6300, Test [acc: 79.06, loss: 2.1428], Train [acc: 100.00, loss: 0.0003]
Iter:6400, Test [acc: 79.05, loss: 2.1496], Train [acc: 100.00, loss: 0.0003]
Iter:6500, Test [acc: 79.06, loss: 2.1561], Train [acc: 100.00, loss: 0.0002]
Iter:6600, Test [acc: 79.05, loss: 2.1626], Train [acc: 100.00, loss: 0.0002]
Iter:6700, Test [acc: 79.06, loss: 2.1694], Train [acc: 100.00, loss: 0.0002]
Iter:6800, Test [acc: 79.06, loss: 2.1756], Train [acc: 100.00, loss: 0.0002]
Iter:6900, Test [acc: 79.05, loss: 2.1819], Train [acc: 100.00, loss: 0.0002]
Iter:7000, Test [acc: 79.05, loss: 2.1879], Train [acc: 100.00, loss: 0.0002]
Iter:7100, Test [acc: 79.05, loss: 2.1938], Train [acc: 100.00, loss: 0.0002]
Iter:7200, Test [acc: 79.05, loss: 2.1995], Train [acc: 100.00, loss: 0.0002]
Iter:7300, Test [acc: 79.04, loss: 2.2051], Train [acc: 100.00, loss: 0.0002]
Iter:7400, Test [acc: 79.03, loss: 2.2105], Train [acc: 100.00, loss: 0.0002]
Iter:7500, Test [acc: 79.03, loss: 2.2159], Train [acc: 100.00, loss: 0.0002]
Iter:7600, Test [acc: 79.03, loss: 2.2212], Train [acc: 100.00, loss: 0.0002]
Iter:7700, Test [acc: 79.03, loss: 2.2261], Train [acc: 100.00, loss: 0.0002]
Iter:7800, Test [acc: 79.03, loss: 2.2314], Train [acc: 100.00, loss: 0.0002]
Iter:7900, Test [acc: 79.03, loss: 2.2363], Train [acc: 100.00, loss: 0.0002]
Iter:8000, Test [acc: 79.03, loss: 2.2413], Train [acc: 100.00, loss: 0.0002]
Iter:8100, Test [acc: 79.03, loss: 2.2460], Train [acc: 100.00, loss: 0.0002]
Iter:8200, Test [acc: 79.03, loss: 2.2509], Train [acc: 100.00, loss: 0.0002]
Iter:8300, Test [acc: 79.03, loss: 2.2557], Train [acc: 100.00, loss: 0.0002]
Iter:8400, Test [acc: 79.03, loss: 2.2601], Train [acc: 100.00, loss: 0.0002]
Iter:8500, Test [acc: 79.03, loss: 2.2645], Train [acc: 100.00, loss: 0.0002]
Iter:8600, Test [acc: 79.03, loss: 2.2691], Train [acc: 100.00, loss: 0.0001]
Iter:8700, Test [acc: 79.03, loss: 2.2734], Train [acc: 100.00, loss: 0.0001]
Iter:8800, Test [acc: 79.03, loss: 2.2776], Train [acc: 100.00, loss: 0.0001]
Iter:8900, Test [acc: 79.03, loss: 2.2818], Train [acc: 100.00, loss: 0.0001]
Iter:9000, Test [acc: 79.03, loss: 2.2860], Train [acc: 100.00, loss: 0.0001]
Iter:9100, Test [acc: 79.03, loss: 2.2901], Train [acc: 100.00, loss: 0.0001]
Iter:9200, Test [acc: 79.03, loss: 2.2941], Train [acc: 100.00, loss: 0.0001]
Iter:9300, Test [acc: 79.03, loss: 2.2980], Train [acc: 100.00, loss: 0.0001]
Iter:9400, Test [acc: 79.04, loss: 2.3020], Train [acc: 100.00, loss: 0.0001]
Iter:9500, Test [acc: 79.04, loss: 2.3059], Train [acc: 100.00, loss: 0.0001]
Iter:9600, Test [acc: 79.04, loss: 2.3097], Train [acc: 100.00, loss: 0.0001]
Iter:9700, Test [acc: 79.05, loss: 2.3133], Train [acc: 100.00, loss: 0.0001]
Iter:9800, Test [acc: 79.05, loss: 2.3171], Train [acc: 100.00, loss: 0.0001]
Iter:9900, Test [acc: 79.04, loss: 2.3206], Train [acc: 100.00, loss: 0.0001]
Iter:10000, Test [acc: 79.04, loss: 2.3243], Train [acc: 100.00, loss: 0.0001]
