Iter:0, Test [acc: 7.73, loss: 2.3009], Train [acc: 4.90, loss: 2.3099]
Iter:1, Test [acc: 8.59, loss: 2.2955], Train [acc: 5.90, loss: 2.3035]
Iter:2, Test [acc: 9.83, loss: 2.2894], Train [acc: 6.90, loss: 2.2979]
Iter:3, Test [acc: 9.93, loss: 2.2849], Train [acc: 7.90, loss: 2.2920]
Iter:4, Test [acc: 9.70, loss: 2.2806], Train [acc: 8.00, loss: 2.2875]
Iter:5, Test [acc: 11.62, loss: 2.2748], Train [acc: 7.60, loss: 2.2828]
Iter:6, Test [acc: 15.00, loss: 2.2683], Train [acc: 10.40, loss: 2.2771]
Iter:7, Test [acc: 20.01, loss: 2.2599], Train [acc: 14.50, loss: 2.2702]
Iter:8, Test [acc: 20.74, loss: 2.2501], Train [acc: 18.90, loss: 2.2617]
Iter:9, Test [acc: 26.27, loss: 2.2370], Train [acc: 20.50, loss: 2.2513]
Iter:10, Test [acc: 25.47, loss: 2.2212], Train [acc: 25.20, loss: 2.2380]
Iter:11, Test [acc: 34.02, loss: 2.1991], Train [acc: 25.70, loss: 2.2212]
Iter:12, Test [acc: 34.92, loss: 2.1713], Train [acc: 35.80, loss: 2.1987]
Iter:13, Test [acc: 45.15, loss: 2.1313], Train [acc: 36.50, loss: 2.1693]
Iter:14, Test [acc: 46.98, loss: 2.0787], Train [acc: 46.10, loss: 2.1288]
Iter:15, Test [acc: 45.93, loss: 2.0038], Train [acc: 47.50, loss: 2.0741]
Iter:16, Test [acc: 49.24, loss: 1.9037], Train [acc: 48.20, loss: 1.9987]
Iter:17, Test [acc: 35.38, loss: 1.7964], Train [acc: 50.90, loss: 1.8974]
Iter:18, Test [acc: 28.33, loss: 1.9003], Train [acc: 37.00, loss: 1.7890]
Iter:19, Test [acc: 20.17, loss: 2.8479], Train [acc: 29.40, loss: 1.8971]
Iter:20, Test [acc: 21.31, loss: 2.1859], Train [acc: 20.40, loss: 2.8564]
Iter:21, Test [acc: 21.29, loss: 2.1136], Train [acc: 20.70, loss: 2.1914]
Iter:22, Test [acc: 29.66, loss: 2.0342], Train [acc: 20.70, loss: 2.1141]
Iter:23, Test [acc: 42.75, loss: 1.9305], Train [acc: 28.50, loss: 2.0351]
Iter:24, Test [acc: 43.19, loss: 1.8048], Train [acc: 43.30, loss: 1.9306]
Iter:25, Test [acc: 43.34, loss: 1.6691], Train [acc: 44.10, loss: 1.8038]
Iter:26, Test [acc: 49.86, loss: 1.5303], Train [acc: 43.90, loss: 1.6651]
Iter:27, Test [acc: 51.34, loss: 1.4140], Train [acc: 51.00, loss: 1.5195]
Iter:28, Test [acc: 37.57, loss: 1.7042], Train [acc: 50.90, loss: 1.4054]
Iter:29, Test [acc: 19.95, loss: 2.2719], Train [acc: 38.20, loss: 1.6925]
Iter:30, Test [acc: 25.97, loss: 1.8433], Train [acc: 22.50, loss: 2.2569]
Iter:31, Test [acc: 35.65, loss: 1.6752], Train [acc: 24.40, loss: 1.8596]
Iter:32, Test [acc: 36.33, loss: 1.5163], Train [acc: 35.00, loss: 1.6878]
Iter:33, Test [acc: 50.54, loss: 1.3472], Train [acc: 36.40, loss: 1.5175]
Iter:34, Test [acc: 55.28, loss: 1.2196], Train [acc: 51.90, loss: 1.3347]
Iter:35, Test [acc: 53.16, loss: 1.1763], Train [acc: 57.40, loss: 1.2047]
Iter:36, Test [acc: 45.09, loss: 1.4681], Train [acc: 54.20, loss: 1.1515]
Iter:37, Test [acc: 35.12, loss: 2.3585], Train [acc: 44.00, loss: 1.5036]
Iter:38, Test [acc: 28.08, loss: 1.9542], Train [acc: 35.10, loss: 2.2485]
Iter:39, Test [acc: 32.13, loss: 1.8436], Train [acc: 28.60, loss: 1.9510]
Iter:40, Test [acc: 35.36, loss: 1.6758], Train [acc: 32.90, loss: 1.8388]
Iter:41, Test [acc: 42.78, loss: 1.5284], Train [acc: 37.10, loss: 1.6516]
Iter:42, Test [acc: 43.39, loss: 1.3928], Train [acc: 45.20, loss: 1.4948]
Iter:43, Test [acc: 50.19, loss: 1.3542], Train [acc: 45.20, loss: 1.3505]
Iter:44, Test [acc: 29.69, loss: 1.7533], Train [acc: 52.90, loss: 1.3078]
Iter:45, Test [acc: 23.01, loss: 2.2099], Train [acc: 30.60, loss: 1.7062]
Iter:46, Test [acc: 36.55, loss: 1.6709], Train [acc: 25.30, loss: 2.1634]
Iter:47, Test [acc: 46.23, loss: 1.5478], Train [acc: 34.90, loss: 1.6841]
Iter:48, Test [acc: 45.23, loss: 1.4383], Train [acc: 45.30, loss: 1.5404]
Iter:49, Test [acc: 51.63, loss: 1.3232], Train [acc: 46.50, loss: 1.4170]
Iter:50, Test [acc: 54.26, loss: 1.2141], Train [acc: 53.10, loss: 1.2964]
Iter:51, Test [acc: 57.04, loss: 1.1347], Train [acc: 55.40, loss: 1.1921]
Iter:52, Test [acc: 56.69, loss: 1.1029], Train [acc: 58.70, loss: 1.1184]
Iter:53, Test [acc: 40.47, loss: 1.5405], Train [acc: 58.20, loss: 1.0928]
Iter:54, Test [acc: 29.66, loss: 2.9400], Train [acc: 43.80, loss: 1.4932]
Iter:55, Test [acc: 31.73, loss: 1.8544], Train [acc: 28.90, loss: 3.0488]
Iter:56, Test [acc: 39.37, loss: 1.6353], Train [acc: 29.50, loss: 1.8588]
Iter:57, Test [acc: 44.93, loss: 1.4820], Train [acc: 38.00, loss: 1.6264]
Iter:58, Test [acc: 48.82, loss: 1.3426], Train [acc: 47.00, loss: 1.4570]
Iter:59, Test [acc: 55.47, loss: 1.2255], Train [acc: 49.30, loss: 1.3063]
Iter:60, Test [acc: 57.80, loss: 1.1407], Train [acc: 55.80, loss: 1.1887]
Iter:61, Test [acc: 58.59, loss: 1.0975], Train [acc: 57.50, loss: 1.1072]
Iter:62, Test [acc: 47.89, loss: 1.3301], Train [acc: 59.30, loss: 1.0732]
Iter:63, Test [acc: 34.32, loss: 2.3952], Train [acc: 49.50, loss: 1.2639]
Iter:64, Test [acc: 32.38, loss: 1.6917], Train [acc: 33.90, loss: 2.4264]
Iter:65, Test [acc: 51.73, loss: 1.4248], Train [acc: 34.00, loss: 1.6805]
Iter:66, Test [acc: 52.72, loss: 1.2488], Train [acc: 51.80, loss: 1.4030]
Iter:67, Test [acc: 59.33, loss: 1.1281], Train [acc: 54.10, loss: 1.2163]
Iter:68, Test [acc: 53.90, loss: 1.1588], Train [acc: 60.90, loss: 1.1071]
Iter:69, Test [acc: 44.74, loss: 1.4648], Train [acc: 55.60, loss: 1.0950]
Iter:70, Test [acc: 37.97, loss: 1.9692], Train [acc: 43.50, loss: 1.4922]
Iter:71, Test [acc: 44.85, loss: 1.4949], Train [acc: 39.30, loss: 1.8521]
Iter:72, Test [acc: 51.39, loss: 1.3510], Train [acc: 44.70, loss: 1.5001]
Iter:73, Test [acc: 52.82, loss: 1.2114], Train [acc: 52.20, loss: 1.3308]
Iter:74, Test [acc: 55.46, loss: 1.1279], Train [acc: 53.00, loss: 1.1825]
Iter:75, Test [acc: 59.32, loss: 1.0705], Train [acc: 58.30, loss: 1.0809]
Iter:76, Test [acc: 53.15, loss: 1.1429], Train [acc: 61.70, loss: 1.0323]
Iter:77, Test [acc: 51.19, loss: 1.6008], Train [acc: 55.80, loss: 1.0887]
Iter:78, Test [acc: 41.03, loss: 1.6126], Train [acc: 51.60, loss: 1.5518]
Iter:79, Test [acc: 40.86, loss: 1.4862], Train [acc: 42.20, loss: 1.5299]
Iter:80, Test [acc: 53.10, loss: 1.1775], Train [acc: 43.90, loss: 1.4216]
Iter:81, Test [acc: 55.38, loss: 1.1239], Train [acc: 52.30, loss: 1.1559]
Iter:82, Test [acc: 64.90, loss: 0.9930], Train [acc: 56.00, loss: 1.0942]
Iter:83, Test [acc: 61.56, loss: 0.9569], Train [acc: 65.00, loss: 0.9712]
Iter:84, Test [acc: 64.89, loss: 0.9389], Train [acc: 63.10, loss: 0.9257]
Iter:85, Test [acc: 58.33, loss: 1.1152], Train [acc: 64.70, loss: 0.9218]
Iter:86, Test [acc: 48.80, loss: 1.4556], Train [acc: 57.90, loss: 1.0678]
Iter:87, Test [acc: 49.48, loss: 1.2676], Train [acc: 51.00, loss: 1.4294]
Iter:88, Test [acc: 53.90, loss: 1.1319], Train [acc: 50.40, loss: 1.2762]
Iter:89, Test [acc: 58.46, loss: 1.0214], Train [acc: 55.90, loss: 1.0925]
Iter:90, Test [acc: 63.19, loss: 0.9887], Train [acc: 59.40, loss: 0.9983]
Iter:91, Test [acc: 62.03, loss: 0.9945], Train [acc: 64.10, loss: 0.9574]
Iter:92, Test [acc: 61.28, loss: 1.0071], Train [acc: 63.70, loss: 0.9672]
Iter:93, Test [acc: 56.27, loss: 1.1455], Train [acc: 63.00, loss: 0.9774]
Iter:94, Test [acc: 60.43, loss: 1.0221], Train [acc: 58.80, loss: 1.0887]
Iter:95, Test [acc: 55.02, loss: 1.2262], Train [acc: 58.80, loss: 1.0215]
Iter:96, Test [acc: 60.29, loss: 1.0080], Train [acc: 56.70, loss: 1.1373]
Iter:97, Test [acc: 58.88, loss: 0.9809], Train [acc: 59.20, loss: 0.9963]
Iter:98, Test [acc: 67.70, loss: 0.9092], Train [acc: 59.70, loss: 0.9414]
Iter:99, Test [acc: 62.97, loss: 0.9036], Train [acc: 67.10, loss: 0.8782]
Iter:100, Test [acc: 64.89, loss: 0.9075], Train [acc: 63.40, loss: 0.8646]
Iter:200, Test [acc: 69.25, loss: 0.7730], Train [acc: 76.60, loss: 0.6104]
Iter:300, Test [acc: 73.73, loss: 0.7409], Train [acc: 78.70, loss: 0.5266]
Iter:400, Test [acc: 76.43, loss: 0.6707], Train [acc: 83.00, loss: 0.4246]
Iter:500, Test [acc: 76.54, loss: 0.6714], Train [acc: 89.20, loss: 0.2708]
Iter:600, Test [acc: 77.54, loss: 0.6831], Train [acc: 90.40, loss: 0.2884]
Iter:700, Test [acc: 78.14, loss: 0.7664], Train [acc: 95.20, loss: 0.1508]
Iter:800, Test [acc: 78.06, loss: 0.7840], Train [acc: 92.20, loss: 0.2062]
Iter:900, Test [acc: 75.51, loss: 1.0275], Train [acc: 92.50, loss: 0.2098]
Iter:1000, Test [acc: 79.48, loss: 0.9843], Train [acc: 98.90, loss: 0.0479]
Iter:1100, Test [acc: 72.69, loss: 0.8465], Train [acc: 84.20, loss: 0.4186]
Iter:1200, Test [acc: 76.89, loss: 0.8506], Train [acc: 94.80, loss: 0.1712]
Iter:1300, Test [acc: 77.41, loss: 0.9819], Train [acc: 96.10, loss: 0.1183]
Iter:1400, Test [acc: 77.49, loss: 1.1408], Train [acc: 97.00, loss: 0.0843]
Iter:1500, Test [acc: 77.19, loss: 1.1559], Train [acc: 98.50, loss: 0.0594]
Iter:1600, Test [acc: 77.54, loss: 1.3381], Train [acc: 99.60, loss: 0.0252]
Iter:1700, Test [acc: 73.74, loss: 1.3501], Train [acc: 83.80, loss: 0.6152]
Iter:1800, Test [acc: 78.46, loss: 1.4274], Train [acc: 100.00, loss: 0.0129]
Iter:1900, Test [acc: 78.41, loss: 1.5492], Train [acc: 100.00, loss: 0.0078]
Iter:2000, Test [acc: 78.24, loss: 1.6400], Train [acc: 100.00, loss: 0.0052]
Iter:2100, Test [acc: 78.25, loss: 1.7125], Train [acc: 100.00, loss: 0.0039]
Iter:2200, Test [acc: 78.20, loss: 1.7707], Train [acc: 100.00, loss: 0.0031]
Iter:2300, Test [acc: 78.19, loss: 1.8203], Train [acc: 100.00, loss: 0.0026]
Iter:2400, Test [acc: 78.19, loss: 1.8640], Train [acc: 100.00, loss: 0.0022]
Iter:2500, Test [acc: 78.19, loss: 1.9031], Train [acc: 100.00, loss: 0.0019]
Iter:2600, Test [acc: 78.19, loss: 1.9374], Train [acc: 100.00, loss: 0.0016]
Iter:2700, Test [acc: 78.18, loss: 1.9691], Train [acc: 100.00, loss: 0.0014]
Iter:2800, Test [acc: 78.17, loss: 1.9977], Train [acc: 100.00, loss: 0.0013]
Iter:2900, Test [acc: 78.17, loss: 2.0236], Train [acc: 100.00, loss: 0.0011]
Iter:3000, Test [acc: 78.18, loss: 2.0475], Train [acc: 100.00, loss: 0.0010]
Iter:3100, Test [acc: 78.18, loss: 2.0695], Train [acc: 100.00, loss: 0.0010]
Iter:3200, Test [acc: 78.19, loss: 2.0904], Train [acc: 100.00, loss: 0.0009]
Iter:3300, Test [acc: 78.19, loss: 2.1101], Train [acc: 100.00, loss: 0.0008]
Iter:3400, Test [acc: 78.18, loss: 2.1286], Train [acc: 100.00, loss: 0.0008]
Iter:3500, Test [acc: 78.17, loss: 2.1464], Train [acc: 100.00, loss: 0.0007]
Iter:3600, Test [acc: 78.16, loss: 2.1634], Train [acc: 100.00, loss: 0.0007]
Iter:3700, Test [acc: 78.15, loss: 2.1793], Train [acc: 100.00, loss: 0.0006]
Iter:3800, Test [acc: 78.14, loss: 2.1945], Train [acc: 100.00, loss: 0.0006]
Iter:3900, Test [acc: 78.15, loss: 2.2087], Train [acc: 100.00, loss: 0.0005]
Iter:4000, Test [acc: 78.14, loss: 2.2223], Train [acc: 100.00, loss: 0.0005]
Iter:4100, Test [acc: 78.12, loss: 2.2359], Train [acc: 100.00, loss: 0.0005]
Iter:4200, Test [acc: 78.13, loss: 2.2485], Train [acc: 100.00, loss: 0.0005]
Iter:4300, Test [acc: 78.11, loss: 2.2610], Train [acc: 100.00, loss: 0.0004]
Iter:4400, Test [acc: 78.11, loss: 2.2728], Train [acc: 100.00, loss: 0.0004]
Iter:4500, Test [acc: 78.11, loss: 2.2843], Train [acc: 100.00, loss: 0.0004]
Iter:4600, Test [acc: 78.11, loss: 2.2953], Train [acc: 100.00, loss: 0.0004]
Iter:4700, Test [acc: 78.11, loss: 2.3058], Train [acc: 100.00, loss: 0.0004]
Iter:4800, Test [acc: 78.11, loss: 2.3161], Train [acc: 100.00, loss: 0.0004]
Iter:4900, Test [acc: 78.11, loss: 2.3263], Train [acc: 100.00, loss: 0.0003]
Iter:5000, Test [acc: 78.11, loss: 2.3359], Train [acc: 100.00, loss: 0.0003]
Iter:5100, Test [acc: 78.09, loss: 2.3452], Train [acc: 100.00, loss: 0.0003]
Iter:5200, Test [acc: 78.09, loss: 2.3542], Train [acc: 100.00, loss: 0.0003]
Iter:5300, Test [acc: 78.08, loss: 2.3631], Train [acc: 100.00, loss: 0.0003]
Iter:5400, Test [acc: 78.08, loss: 2.3718], Train [acc: 100.00, loss: 0.0003]
Iter:5500, Test [acc: 78.08, loss: 2.3800], Train [acc: 100.00, loss: 0.0003]
Iter:5600, Test [acc: 78.08, loss: 2.3884], Train [acc: 100.00, loss: 0.0003]
Iter:5700, Test [acc: 78.08, loss: 2.3963], Train [acc: 100.00, loss: 0.0003]
Iter:5800, Test [acc: 78.08, loss: 2.4041], Train [acc: 100.00, loss: 0.0003]
Iter:5900, Test [acc: 78.08, loss: 2.4117], Train [acc: 100.00, loss: 0.0002]
Iter:6000, Test [acc: 78.07, loss: 2.4190], Train [acc: 100.00, loss: 0.0002]
Iter:6100, Test [acc: 78.07, loss: 2.4264], Train [acc: 100.00, loss: 0.0002]
Iter:6200, Test [acc: 78.07, loss: 2.4333], Train [acc: 100.00, loss: 0.0002]
Iter:6300, Test [acc: 78.08, loss: 2.4402], Train [acc: 100.00, loss: 0.0002]
Iter:6400, Test [acc: 78.08, loss: 2.4470], Train [acc: 100.00, loss: 0.0002]
Iter:6500, Test [acc: 78.07, loss: 2.4536], Train [acc: 100.00, loss: 0.0002]
Iter:6600, Test [acc: 78.08, loss: 2.4600], Train [acc: 100.00, loss: 0.0002]
Iter:6700, Test [acc: 78.08, loss: 2.4664], Train [acc: 100.00, loss: 0.0002]
Iter:6800, Test [acc: 78.08, loss: 2.4725], Train [acc: 100.00, loss: 0.0002]
Iter:6900, Test [acc: 78.07, loss: 2.4787], Train [acc: 100.00, loss: 0.0002]
Iter:7000, Test [acc: 78.07, loss: 2.4847], Train [acc: 100.00, loss: 0.0002]
Iter:7100, Test [acc: 78.07, loss: 2.4905], Train [acc: 100.00, loss: 0.0002]
Iter:7200, Test [acc: 78.07, loss: 2.4962], Train [acc: 100.00, loss: 0.0002]
Iter:7300, Test [acc: 78.06, loss: 2.5019], Train [acc: 100.00, loss: 0.0002]
Iter:7400, Test [acc: 78.06, loss: 2.5073], Train [acc: 100.00, loss: 0.0002]
Iter:7500, Test [acc: 78.05, loss: 2.5127], Train [acc: 100.00, loss: 0.0002]
Iter:7600, Test [acc: 78.06, loss: 2.5183], Train [acc: 100.00, loss: 0.0002]
Iter:7700, Test [acc: 78.06, loss: 2.5234], Train [acc: 100.00, loss: 0.0002]
Iter:7800, Test [acc: 78.06, loss: 2.5286], Train [acc: 100.00, loss: 0.0002]
Iter:7900, Test [acc: 78.06, loss: 2.5338], Train [acc: 100.00, loss: 0.0002]
Iter:8000, Test [acc: 78.07, loss: 2.5389], Train [acc: 100.00, loss: 0.0001]
Iter:8100, Test [acc: 78.07, loss: 2.5438], Train [acc: 100.00, loss: 0.0001]
Iter:8200, Test [acc: 78.08, loss: 2.5489], Train [acc: 100.00, loss: 0.0001]
Iter:8300, Test [acc: 78.08, loss: 2.5536], Train [acc: 100.00, loss: 0.0001]
Iter:8400, Test [acc: 78.08, loss: 2.5586], Train [acc: 100.00, loss: 0.0001]
Iter:8500, Test [acc: 78.08, loss: 2.5634], Train [acc: 100.00, loss: 0.0001]
Iter:8600, Test [acc: 78.07, loss: 2.5680], Train [acc: 100.00, loss: 0.0001]
Iter:8700, Test [acc: 78.07, loss: 2.5727], Train [acc: 100.00, loss: 0.0001]
Iter:8800, Test [acc: 78.07, loss: 2.5772], Train [acc: 100.00, loss: 0.0001]
Iter:8900, Test [acc: 78.07, loss: 2.5817], Train [acc: 100.00, loss: 0.0001]
Iter:9000, Test [acc: 78.07, loss: 2.5861], Train [acc: 100.00, loss: 0.0001]
Iter:9100, Test [acc: 78.07, loss: 2.5905], Train [acc: 100.00, loss: 0.0001]
Iter:9200, Test [acc: 78.07, loss: 2.5947], Train [acc: 100.00, loss: 0.0001]
Iter:9300, Test [acc: 78.07, loss: 2.5989], Train [acc: 100.00, loss: 0.0001]
Iter:9400, Test [acc: 78.08, loss: 2.6031], Train [acc: 100.00, loss: 0.0001]
Iter:9500, Test [acc: 78.08, loss: 2.6073], Train [acc: 100.00, loss: 0.0001]
Iter:9600, Test [acc: 78.08, loss: 2.6114], Train [acc: 100.00, loss: 0.0001]
Iter:9700, Test [acc: 78.08, loss: 2.6153], Train [acc: 100.00, loss: 0.0001]
Iter:9800, Test [acc: 78.08, loss: 2.6193], Train [acc: 100.00, loss: 0.0001]
Iter:9900, Test [acc: 78.08, loss: 2.6233], Train [acc: 100.00, loss: 0.0001]
Iter:10000, Test [acc: 78.08, loss: 2.6271], Train [acc: 100.00, loss: 0.0001]
