Iter:0, Test [acc: 7.73, loss: 2.3009], Train [acc: 4.90, loss: 2.3099]
Iter:1, Test [acc: 8.59, loss: 2.2955], Train [acc: 5.90, loss: 2.3035]
Iter:2, Test [acc: 9.83, loss: 2.2894], Train [acc: 6.90, loss: 2.2979]
Iter:3, Test [acc: 9.93, loss: 2.2849], Train [acc: 7.90, loss: 2.2920]
Iter:4, Test [acc: 9.70, loss: 2.2806], Train [acc: 8.00, loss: 2.2875]
Iter:5, Test [acc: 11.62, loss: 2.2748], Train [acc: 7.60, loss: 2.2828]
Iter:6, Test [acc: 15.00, loss: 2.2683], Train [acc: 10.40, loss: 2.2771]
Iter:7, Test [acc: 20.00, loss: 2.2599], Train [acc: 14.50, loss: 2.2702]
Iter:8, Test [acc: 20.75, loss: 2.2501], Train [acc: 18.90, loss: 2.2617]
Iter:9, Test [acc: 26.29, loss: 2.2370], Train [acc: 20.50, loss: 2.2513]
Iter:10, Test [acc: 25.31, loss: 2.2213], Train [acc: 25.30, loss: 2.2380]
Iter:11, Test [acc: 34.06, loss: 2.1991], Train [acc: 25.80, loss: 2.2212]
Iter:12, Test [acc: 34.80, loss: 2.1714], Train [acc: 35.80, loss: 2.1987]
Iter:13, Test [acc: 45.19, loss: 2.1312], Train [acc: 36.40, loss: 2.1694]
Iter:14, Test [acc: 46.97, loss: 2.0787], Train [acc: 46.10, loss: 2.1288]
Iter:15, Test [acc: 45.99, loss: 2.0037], Train [acc: 47.40, loss: 2.0741]
Iter:16, Test [acc: 49.26, loss: 1.9035], Train [acc: 48.40, loss: 1.9987]
Iter:17, Test [acc: 35.46, loss: 1.7960], Train [acc: 50.80, loss: 1.8973]
Iter:18, Test [acc: 28.41, loss: 1.8975], Train [acc: 37.00, loss: 1.7887]
Iter:19, Test [acc: 20.16, loss: 2.8493], Train [acc: 29.50, loss: 1.8942]
Iter:20, Test [acc: 21.33, loss: 2.1862], Train [acc: 20.30, loss: 2.8579]
Iter:21, Test [acc: 21.46, loss: 2.1140], Train [acc: 20.50, loss: 2.1915]
Iter:22, Test [acc: 29.39, loss: 2.0340], Train [acc: 20.90, loss: 2.1144]
Iter:23, Test [acc: 43.02, loss: 1.9299], Train [acc: 28.50, loss: 2.0348]
Iter:24, Test [acc: 43.23, loss: 1.8044], Train [acc: 44.10, loss: 1.9300]
Iter:25, Test [acc: 43.37, loss: 1.6681], Train [acc: 44.20, loss: 1.8032]
Iter:26, Test [acc: 49.80, loss: 1.5294], Train [acc: 44.00, loss: 1.6643]
Iter:27, Test [acc: 51.11, loss: 1.4137], Train [acc: 51.30, loss: 1.5185]
Iter:28, Test [acc: 36.12, loss: 1.7284], Train [acc: 50.60, loss: 1.4058]
Iter:29, Test [acc: 20.81, loss: 2.2157], Train [acc: 36.40, loss: 1.7133]
Iter:30, Test [acc: 28.06, loss: 1.8207], Train [acc: 23.00, loss: 2.2114]
Iter:31, Test [acc: 36.05, loss: 1.6335], Train [acc: 27.20, loss: 1.8376]
Iter:32, Test [acc: 43.13, loss: 1.4665], Train [acc: 34.70, loss: 1.6478]
Iter:33, Test [acc: 54.40, loss: 1.3028], Train [acc: 44.60, loss: 1.4664]
Iter:34, Test [acc: 54.13, loss: 1.2016], Train [acc: 55.70, loss: 1.2885]
Iter:35, Test [acc: 52.37, loss: 1.2188], Train [acc: 55.40, loss: 1.1861]
Iter:36, Test [acc: 29.65, loss: 2.0654], Train [acc: 53.00, loss: 1.2008]
Iter:37, Test [acc: 15.07, loss: 2.9910], Train [acc: 29.60, loss: 2.0286]
Iter:38, Test [acc: 30.41, loss: 2.0445], Train [acc: 17.10, loss: 2.9186]
Iter:39, Test [acc: 33.32, loss: 1.9332], Train [acc: 29.10, loss: 2.0535]
Iter:40, Test [acc: 34.18, loss: 1.8258], Train [acc: 31.40, loss: 1.9438]
Iter:41, Test [acc: 33.78, loss: 1.7042], Train [acc: 33.90, loss: 1.8343]
Iter:42, Test [acc: 37.19, loss: 1.5587], Train [acc: 33.50, loss: 1.7094]
Iter:43, Test [acc: 51.49, loss: 1.4047], Train [acc: 35.80, loss: 1.5637]
Iter:44, Test [acc: 54.35, loss: 1.2722], Train [acc: 49.30, loss: 1.4089]
Iter:45, Test [acc: 56.75, loss: 1.1930], Train [acc: 53.70, loss: 1.2716]
Iter:46, Test [acc: 56.32, loss: 1.1442], Train [acc: 55.70, loss: 1.1869]
Iter:47, Test [acc: 45.79, loss: 1.3480], Train [acc: 55.40, loss: 1.1446]
Iter:48, Test [acc: 33.65, loss: 3.2240], Train [acc: 45.20, loss: 1.3292]
Iter:49, Test [acc: 26.96, loss: 1.9112], Train [acc: 34.00, loss: 3.3678]
Iter:50, Test [acc: 30.61, loss: 1.7842], Train [acc: 26.30, loss: 1.9199]
Iter:51, Test [acc: 36.36, loss: 1.6912], Train [acc: 29.00, loss: 1.7852]
Iter:52, Test [acc: 37.83, loss: 1.5970], Train [acc: 35.10, loss: 1.6857]
Iter:53, Test [acc: 36.96, loss: 1.4969], Train [acc: 35.90, loss: 1.5814]
Iter:54, Test [acc: 48.26, loss: 1.3840], Train [acc: 34.90, loss: 1.4711]
Iter:55, Test [acc: 51.95, loss: 1.2797], Train [acc: 50.80, loss: 1.3503]
Iter:56, Test [acc: 53.61, loss: 1.1955], Train [acc: 54.00, loss: 1.2386]
Iter:57, Test [acc: 52.78, loss: 1.1825], Train [acc: 55.40, loss: 1.1595]
Iter:58, Test [acc: 48.31, loss: 1.4598], Train [acc: 54.20, loss: 1.1287]
Iter:59, Test [acc: 24.42, loss: 3.1715], Train [acc: 49.80, loss: 1.4475]
Iter:60, Test [acc: 31.39, loss: 1.8168], Train [acc: 24.60, loss: 3.0427]
Iter:61, Test [acc: 37.84, loss: 1.6773], Train [acc: 32.30, loss: 1.7649]
Iter:62, Test [acc: 44.48, loss: 1.5854], Train [acc: 39.70, loss: 1.6194]
Iter:63, Test [acc: 46.43, loss: 1.5262], Train [acc: 46.30, loss: 1.5325]
Iter:64, Test [acc: 49.70, loss: 1.4487], Train [acc: 47.30, loss: 1.4629]
Iter:65, Test [acc: 50.20, loss: 1.4323], Train [acc: 51.00, loss: 1.4005]
Iter:66, Test [acc: 43.12, loss: 1.4803], Train [acc: 51.60, loss: 1.3601]
Iter:67, Test [acc: 41.32, loss: 1.9394], Train [acc: 43.50, loss: 1.4588]
Iter:68, Test [acc: 35.58, loss: 1.7174], Train [acc: 43.50, loss: 1.8229]
Iter:69, Test [acc: 44.59, loss: 1.4908], Train [acc: 34.70, loss: 1.7198]
Iter:70, Test [acc: 48.07, loss: 1.3449], Train [acc: 47.70, loss: 1.4495]
Iter:71, Test [acc: 52.06, loss: 1.2086], Train [acc: 50.10, loss: 1.3058]
Iter:72, Test [acc: 58.54, loss: 1.1070], Train [acc: 54.40, loss: 1.1756]
Iter:73, Test [acc: 57.83, loss: 1.0635], Train [acc: 59.70, loss: 1.0865]
Iter:74, Test [acc: 61.94, loss: 1.0309], Train [acc: 59.00, loss: 1.0386]
Iter:75, Test [acc: 51.67, loss: 1.2025], Train [acc: 62.10, loss: 1.0185]
Iter:76, Test [acc: 45.84, loss: 1.8188], Train [acc: 53.00, loss: 1.1441]
Iter:77, Test [acc: 40.11, loss: 1.5034], Train [acc: 45.60, loss: 1.8745]
Iter:78, Test [acc: 51.19, loss: 1.3394], Train [acc: 42.20, loss: 1.4608]
Iter:79, Test [acc: 55.88, loss: 1.2382], Train [acc: 53.90, loss: 1.2968]
Iter:80, Test [acc: 57.52, loss: 1.1565], Train [acc: 56.70, loss: 1.1887]
Iter:81, Test [acc: 58.22, loss: 1.1052], Train [acc: 59.30, loss: 1.1163]
Iter:82, Test [acc: 57.65, loss: 1.0970], Train [acc: 58.90, loss: 1.0654]
Iter:83, Test [acc: 54.41, loss: 1.1583], Train [acc: 58.60, loss: 1.0691]
Iter:84, Test [acc: 48.69, loss: 1.4895], Train [acc: 56.40, loss: 1.1244]
Iter:85, Test [acc: 58.42, loss: 1.1478], Train [acc: 49.60, loss: 1.4513]
Iter:86, Test [acc: 55.42, loss: 1.1026], Train [acc: 58.60, loss: 1.1248]
Iter:87, Test [acc: 57.91, loss: 1.0346], Train [acc: 58.00, loss: 1.0523]
Iter:88, Test [acc: 53.39, loss: 1.2169], Train [acc: 57.20, loss: 1.0270]
Iter:89, Test [acc: 51.92, loss: 1.2412], Train [acc: 56.60, loss: 1.1377]
Iter:90, Test [acc: 58.17, loss: 1.1396], Train [acc: 53.20, loss: 1.2276]
Iter:91, Test [acc: 61.74, loss: 1.0242], Train [acc: 58.20, loss: 1.1341]
Iter:92, Test [acc: 66.07, loss: 0.9602], Train [acc: 62.70, loss: 0.9855]
Iter:93, Test [acc: 64.64, loss: 0.9493], Train [acc: 66.20, loss: 0.9365]
Iter:94, Test [acc: 66.89, loss: 0.9263], Train [acc: 66.60, loss: 0.9107]
Iter:95, Test [acc: 63.15, loss: 0.9707], Train [acc: 67.00, loss: 0.9012]
Iter:96, Test [acc: 55.08, loss: 1.1165], Train [acc: 65.70, loss: 0.9238]
Iter:97, Test [acc: 47.02, loss: 1.4239], Train [acc: 56.40, loss: 1.0867]
Iter:98, Test [acc: 52.51, loss: 1.1017], Train [acc: 49.20, loss: 1.3769]
Iter:99, Test [acc: 64.43, loss: 0.9728], Train [acc: 55.40, loss: 1.0443]
Iter:100, Test [acc: 64.73, loss: 0.9471], Train [acc: 66.10, loss: 0.9405]
Iter:200, Test [acc: 70.61, loss: 0.7875], Train [acc: 73.90, loss: 0.6391]
Iter:300, Test [acc: 74.73, loss: 0.7039], Train [acc: 79.80, loss: 0.5374]
Iter:400, Test [acc: 74.60, loss: 0.7084], Train [acc: 82.10, loss: 0.4185]
Iter:500, Test [acc: 76.12, loss: 0.7482], Train [acc: 80.90, loss: 0.4692]
Iter:600, Test [acc: 76.07, loss: 0.8159], Train [acc: 89.20, loss: 0.2901]
Iter:700, Test [acc: 77.62, loss: 0.8107], Train [acc: 88.70, loss: 0.2692]
Iter:800, Test [acc: 74.02, loss: 0.9618], Train [acc: 87.00, loss: 0.3642]
Iter:900, Test [acc: 77.34, loss: 0.8725], Train [acc: 95.40, loss: 0.1261]
Iter:1000, Test [acc: 77.82, loss: 0.9587], Train [acc: 96.10, loss: 0.1038]
Iter:1100, Test [acc: 78.68, loss: 1.0751], Train [acc: 98.70, loss: 0.0534]
Iter:1200, Test [acc: 78.70, loss: 1.0030], Train [acc: 99.00, loss: 0.0656]
Iter:1300, Test [acc: 78.73, loss: 1.1966], Train [acc: 99.70, loss: 0.0278]
Iter:1400, Test [acc: 79.02, loss: 1.2624], Train [acc: 99.90, loss: 0.0194]
Iter:1500, Test [acc: 78.92, loss: 1.2874], Train [acc: 99.90, loss: 0.0184]
Iter:1600, Test [acc: 79.01, loss: 1.4365], Train [acc: 100.00, loss: 0.0090]
Iter:1700, Test [acc: 79.00, loss: 1.5429], Train [acc: 100.00, loss: 0.0060]
Iter:1800, Test [acc: 79.02, loss: 1.6269], Train [acc: 100.00, loss: 0.0044]
Iter:1900, Test [acc: 79.01, loss: 1.6963], Train [acc: 100.00, loss: 0.0034]
Iter:2000, Test [acc: 79.00, loss: 1.7552], Train [acc: 100.00, loss: 0.0028]
Iter:2100, Test [acc: 79.01, loss: 1.8050], Train [acc: 100.00, loss: 0.0023]
Iter:2200, Test [acc: 78.99, loss: 1.8483], Train [acc: 100.00, loss: 0.0020]
Iter:2300, Test [acc: 78.98, loss: 1.8884], Train [acc: 100.00, loss: 0.0017]
Iter:2400, Test [acc: 78.98, loss: 1.9236], Train [acc: 100.00, loss: 0.0015]
Iter:2500, Test [acc: 78.96, loss: 1.9547], Train [acc: 100.00, loss: 0.0013]
Iter:2600, Test [acc: 78.97, loss: 1.9836], Train [acc: 100.00, loss: 0.0012]
Iter:2700, Test [acc: 78.99, loss: 2.0100], Train [acc: 100.00, loss: 0.0011]
Iter:2800, Test [acc: 78.97, loss: 2.0347], Train [acc: 100.00, loss: 0.0010]
Iter:2900, Test [acc: 78.97, loss: 2.0580], Train [acc: 100.00, loss: 0.0009]
Iter:3000, Test [acc: 78.96, loss: 2.0801], Train [acc: 100.00, loss: 0.0008]
Iter:3100, Test [acc: 78.96, loss: 2.1010], Train [acc: 100.00, loss: 0.0007]
Iter:3200, Test [acc: 78.93, loss: 2.1204], Train [acc: 100.00, loss: 0.0007]
Iter:3300, Test [acc: 78.94, loss: 2.1383], Train [acc: 100.00, loss: 0.0006]
Iter:3400, Test [acc: 78.93, loss: 2.1555], Train [acc: 100.00, loss: 0.0006]
Iter:3500, Test [acc: 78.93, loss: 2.1721], Train [acc: 100.00, loss: 0.0006]
Iter:3600, Test [acc: 78.93, loss: 2.1878], Train [acc: 100.00, loss: 0.0005]
Iter:3700, Test [acc: 78.93, loss: 2.2028], Train [acc: 100.00, loss: 0.0005]
Iter:3800, Test [acc: 78.94, loss: 2.2165], Train [acc: 100.00, loss: 0.0005]
Iter:3900, Test [acc: 78.93, loss: 2.2303], Train [acc: 100.00, loss: 0.0005]
Iter:4000, Test [acc: 78.94, loss: 2.2435], Train [acc: 100.00, loss: 0.0004]
Iter:4100, Test [acc: 78.95, loss: 2.2560], Train [acc: 100.00, loss: 0.0004]
Iter:4200, Test [acc: 78.95, loss: 2.2680], Train [acc: 100.00, loss: 0.0004]
Iter:4300, Test [acc: 78.95, loss: 2.2797], Train [acc: 100.00, loss: 0.0004]
Iter:4400, Test [acc: 78.96, loss: 2.2908], Train [acc: 100.00, loss: 0.0004]
Iter:4500, Test [acc: 78.96, loss: 2.3017], Train [acc: 100.00, loss: 0.0003]
Iter:4600, Test [acc: 78.95, loss: 2.3123], Train [acc: 100.00, loss: 0.0003]
Iter:4700, Test [acc: 78.94, loss: 2.3223], Train [acc: 100.00, loss: 0.0003]
Iter:4800, Test [acc: 78.94, loss: 2.3323], Train [acc: 100.00, loss: 0.0003]
Iter:4900, Test [acc: 78.95, loss: 2.3418], Train [acc: 100.00, loss: 0.0003]
Iter:5000, Test [acc: 78.94, loss: 2.3511], Train [acc: 100.00, loss: 0.0003]
Iter:5100, Test [acc: 78.94, loss: 2.3600], Train [acc: 100.00, loss: 0.0003]
Iter:5200, Test [acc: 78.95, loss: 2.3688], Train [acc: 100.00, loss: 0.0003]
Iter:5300, Test [acc: 78.95, loss: 2.3773], Train [acc: 100.00, loss: 0.0003]
Iter:5400, Test [acc: 78.95, loss: 2.3855], Train [acc: 100.00, loss: 0.0003]
Iter:5500, Test [acc: 78.95, loss: 2.3937], Train [acc: 100.00, loss: 0.0002]
Iter:5600, Test [acc: 78.95, loss: 2.4014], Train [acc: 100.00, loss: 0.0002]
Iter:5700, Test [acc: 78.95, loss: 2.4092], Train [acc: 100.00, loss: 0.0002]
Iter:5800, Test [acc: 78.95, loss: 2.4167], Train [acc: 100.00, loss: 0.0002]
Iter:5900, Test [acc: 78.95, loss: 2.4240], Train [acc: 100.00, loss: 0.0002]
Iter:6000, Test [acc: 78.95, loss: 2.4311], Train [acc: 100.00, loss: 0.0002]
Iter:6100, Test [acc: 78.95, loss: 2.4380], Train [acc: 100.00, loss: 0.0002]
Iter:6200, Test [acc: 78.95, loss: 2.4449], Train [acc: 100.00, loss: 0.0002]
Iter:6300, Test [acc: 78.94, loss: 2.4514], Train [acc: 100.00, loss: 0.0002]
Iter:6400, Test [acc: 78.94, loss: 2.4580], Train [acc: 100.00, loss: 0.0002]
Iter:6500, Test [acc: 78.95, loss: 2.4645], Train [acc: 100.00, loss: 0.0002]
Iter:6600, Test [acc: 78.95, loss: 2.4707], Train [acc: 100.00, loss: 0.0002]
Iter:6700, Test [acc: 78.95, loss: 2.4770], Train [acc: 100.00, loss: 0.0002]
Iter:6800, Test [acc: 78.95, loss: 2.4830], Train [acc: 100.00, loss: 0.0002]
Iter:6900, Test [acc: 78.95, loss: 2.4890], Train [acc: 100.00, loss: 0.0002]
Iter:7000, Test [acc: 78.94, loss: 2.4947], Train [acc: 100.00, loss: 0.0002]
Iter:7100, Test [acc: 78.94, loss: 2.5005], Train [acc: 100.00, loss: 0.0002]
Iter:7200, Test [acc: 78.94, loss: 2.5062], Train [acc: 100.00, loss: 0.0002]
Iter:7300, Test [acc: 78.94, loss: 2.5117], Train [acc: 100.00, loss: 0.0002]
Iter:7400, Test [acc: 78.94, loss: 2.5171], Train [acc: 100.00, loss: 0.0002]
Iter:7500, Test [acc: 78.94, loss: 2.5226], Train [acc: 100.00, loss: 0.0001]
Iter:7600, Test [acc: 78.94, loss: 2.5278], Train [acc: 100.00, loss: 0.0001]
Iter:7700, Test [acc: 78.94, loss: 2.5330], Train [acc: 100.00, loss: 0.0001]
Iter:7800, Test [acc: 78.94, loss: 2.5380], Train [acc: 100.00, loss: 0.0001]
Iter:7900, Test [acc: 78.94, loss: 2.5431], Train [acc: 100.00, loss: 0.0001]
Iter:8000, Test [acc: 78.94, loss: 2.5479], Train [acc: 100.00, loss: 0.0001]
Iter:8100, Test [acc: 78.94, loss: 2.5527], Train [acc: 100.00, loss: 0.0001]
Iter:8200, Test [acc: 78.94, loss: 2.5575], Train [acc: 100.00, loss: 0.0001]
Iter:8300, Test [acc: 78.94, loss: 2.5622], Train [acc: 100.00, loss: 0.0001]
Iter:8400, Test [acc: 78.94, loss: 2.5668], Train [acc: 100.00, loss: 0.0001]
Iter:8500, Test [acc: 78.94, loss: 2.5713], Train [acc: 100.00, loss: 0.0001]
Iter:8600, Test [acc: 78.93, loss: 2.5758], Train [acc: 100.00, loss: 0.0001]
Iter:8700, Test [acc: 78.94, loss: 2.5802], Train [acc: 100.00, loss: 0.0001]
Iter:8800, Test [acc: 78.94, loss: 2.5846], Train [acc: 100.00, loss: 0.0001]
Iter:8900, Test [acc: 78.94, loss: 2.5889], Train [acc: 100.00, loss: 0.0001]
Iter:9000, Test [acc: 78.93, loss: 2.5932], Train [acc: 100.00, loss: 0.0001]
Iter:9100, Test [acc: 78.93, loss: 2.5974], Train [acc: 100.00, loss: 0.0001]
Iter:9200, Test [acc: 78.93, loss: 2.6016], Train [acc: 100.00, loss: 0.0001]
Iter:9300, Test [acc: 78.92, loss: 2.6057], Train [acc: 100.00, loss: 0.0001]
Iter:9400, Test [acc: 78.92, loss: 2.6097], Train [acc: 100.00, loss: 0.0001]
Iter:9500, Test [acc: 78.93, loss: 2.6138], Train [acc: 100.00, loss: 0.0001]
Iter:9600, Test [acc: 78.93, loss: 2.6177], Train [acc: 100.00, loss: 0.0001]
Iter:9700, Test [acc: 78.92, loss: 2.6216], Train [acc: 100.00, loss: 0.0001]
Iter:9800, Test [acc: 78.92, loss: 2.6254], Train [acc: 100.00, loss: 0.0001]
Iter:9900, Test [acc: 78.92, loss: 2.6293], Train [acc: 100.00, loss: 0.0001]
Iter:10000, Test [acc: 78.92, loss: 2.6330], Train [acc: 100.00, loss: 0.0001]
