Iter:0, Test [acc: 7.73, loss: 2.3009], Train [acc: 4.90, loss: 2.3099]
Iter:1, Test [acc: 8.59, loss: 2.2955], Train [acc: 5.90, loss: 2.3035]
Iter:2, Test [acc: 9.83, loss: 2.2894], Train [acc: 6.90, loss: 2.2979]
Iter:3, Test [acc: 9.93, loss: 2.2849], Train [acc: 7.90, loss: 2.2920]
Iter:4, Test [acc: 9.70, loss: 2.2806], Train [acc: 8.00, loss: 2.2875]
Iter:5, Test [acc: 11.62, loss: 2.2748], Train [acc: 7.60, loss: 2.2828]
Iter:6, Test [acc: 15.00, loss: 2.2683], Train [acc: 10.40, loss: 2.2771]
Iter:7, Test [acc: 20.00, loss: 2.2599], Train [acc: 14.50, loss: 2.2702]
Iter:8, Test [acc: 20.74, loss: 2.2501], Train [acc: 18.90, loss: 2.2617]
Iter:9, Test [acc: 26.28, loss: 2.2370], Train [acc: 20.50, loss: 2.2513]
Iter:10, Test [acc: 25.46, loss: 2.2212], Train [acc: 25.20, loss: 2.2380]
Iter:11, Test [acc: 34.04, loss: 2.1991], Train [acc: 25.60, loss: 2.2212]
Iter:12, Test [acc: 34.89, loss: 2.1713], Train [acc: 35.70, loss: 2.1987]
Iter:13, Test [acc: 45.15, loss: 2.1312], Train [acc: 36.50, loss: 2.1693]
Iter:14, Test [acc: 46.99, loss: 2.0787], Train [acc: 46.20, loss: 2.1288]
Iter:15, Test [acc: 45.95, loss: 2.0037], Train [acc: 47.40, loss: 2.0740]
Iter:16, Test [acc: 49.25, loss: 1.9037], Train [acc: 48.30, loss: 1.9987]
Iter:17, Test [acc: 35.13, loss: 1.7975], Train [acc: 50.90, loss: 1.8974]
Iter:18, Test [acc: 28.03, loss: 1.9106], Train [acc: 36.80, loss: 1.7901]
Iter:19, Test [acc: 20.18, loss: 2.8335], Train [acc: 28.80, loss: 1.9076]
Iter:20, Test [acc: 21.24, loss: 2.1840], Train [acc: 20.40, loss: 2.8418]
Iter:21, Test [acc: 21.05, loss: 2.1119], Train [acc: 20.40, loss: 2.1893]
Iter:22, Test [acc: 29.61, loss: 2.0312], Train [acc: 20.40, loss: 2.1123]
Iter:23, Test [acc: 42.57, loss: 1.9239], Train [acc: 28.80, loss: 2.0319]
Iter:24, Test [acc: 43.11, loss: 1.7946], Train [acc: 42.20, loss: 1.9237]
Iter:25, Test [acc: 43.21, loss: 1.6561], Train [acc: 43.70, loss: 1.7931]
Iter:26, Test [acc: 52.58, loss: 1.5081], Train [acc: 44.00, loss: 1.6509]
Iter:27, Test [acc: 52.69, loss: 1.3623], Train [acc: 54.00, loss: 1.4960]
Iter:28, Test [acc: 53.45, loss: 1.3405], Train [acc: 52.40, loss: 1.3526]
Iter:29, Test [acc: 35.43, loss: 2.4428], Train [acc: 55.80, loss: 1.3191]
Iter:30, Test [acc: 20.15, loss: 2.0350], Train [acc: 34.10, loss: 2.5487]
Iter:31, Test [acc: 33.56, loss: 1.8516], Train [acc: 21.20, loss: 2.0121]
Iter:32, Test [acc: 34.36, loss: 1.7277], Train [acc: 34.70, loss: 1.8439]
Iter:33, Test [acc: 46.28, loss: 1.5885], Train [acc: 37.70, loss: 1.6945]
Iter:34, Test [acc: 53.27, loss: 1.4501], Train [acc: 51.10, loss: 1.5545]
Iter:35, Test [acc: 45.02, loss: 1.3745], Train [acc: 55.00, loss: 1.3993]
Iter:36, Test [acc: 35.67, loss: 2.0585], Train [acc: 46.00, loss: 1.3501]
Iter:37, Test [acc: 30.26, loss: 2.2665], Train [acc: 36.30, loss: 1.9752]
Iter:38, Test [acc: 24.71, loss: 1.9193], Train [acc: 30.80, loss: 2.2455]
Iter:39, Test [acc: 36.61, loss: 1.7572], Train [acc: 26.10, loss: 1.9239]
Iter:40, Test [acc: 45.08, loss: 1.5858], Train [acc: 37.30, loss: 1.7542]
Iter:41, Test [acc: 50.86, loss: 1.4224], Train [acc: 45.40, loss: 1.5692]
Iter:42, Test [acc: 52.95, loss: 1.2495], Train [acc: 51.40, loss: 1.3922]
Iter:43, Test [acc: 56.12, loss: 1.1445], Train [acc: 54.80, loss: 1.2287]
Iter:44, Test [acc: 59.84, loss: 1.1038], Train [acc: 56.20, loss: 1.1308]
Iter:45, Test [acc: 45.69, loss: 1.4511], Train [acc: 59.60, loss: 1.1029]
Iter:46, Test [acc: 34.87, loss: 2.2119], Train [acc: 47.30, loss: 1.3840]
Iter:47, Test [acc: 35.64, loss: 1.6945], Train [acc: 32.60, loss: 2.2722]
Iter:48, Test [acc: 45.60, loss: 1.4872], Train [acc: 38.10, loss: 1.6628]
Iter:49, Test [acc: 49.91, loss: 1.3249], Train [acc: 46.30, loss: 1.4555]
Iter:50, Test [acc: 52.99, loss: 1.2011], Train [acc: 50.70, loss: 1.2918]
Iter:51, Test [acc: 56.15, loss: 1.0894], Train [acc: 54.30, loss: 1.1668]
Iter:52, Test [acc: 61.56, loss: 1.0467], Train [acc: 54.70, loss: 1.0697]
Iter:53, Test [acc: 54.38, loss: 1.0919], Train [acc: 61.30, loss: 1.0284]
Iter:54, Test [acc: 41.12, loss: 1.5165], Train [acc: 53.90, loss: 1.0822]
Iter:55, Test [acc: 43.73, loss: 1.7469], Train [acc: 41.60, loss: 1.5050]
Iter:56, Test [acc: 43.30, loss: 1.4089], Train [acc: 44.50, loss: 1.7305]
Iter:57, Test [acc: 51.16, loss: 1.2149], Train [acc: 43.20, loss: 1.4079]
Iter:58, Test [acc: 53.87, loss: 1.1327], Train [acc: 50.50, loss: 1.2202]
Iter:59, Test [acc: 55.99, loss: 1.0934], Train [acc: 54.10, loss: 1.1142]
Iter:60, Test [acc: 51.08, loss: 1.3207], Train [acc: 56.30, loss: 1.0905]
Iter:61, Test [acc: 47.60, loss: 1.3145], Train [acc: 51.70, loss: 1.2659]
Iter:62, Test [acc: 46.60, loss: 1.4061], Train [acc: 48.30, loss: 1.3073]
Iter:63, Test [acc: 52.76, loss: 1.1494], Train [acc: 45.30, loss: 1.3747]
Iter:64, Test [acc: 56.57, loss: 1.0897], Train [acc: 55.20, loss: 1.1113]
Iter:65, Test [acc: 53.44, loss: 1.0757], Train [acc: 55.80, loss: 1.0672]
Iter:66, Test [acc: 56.58, loss: 1.1038], Train [acc: 54.50, loss: 1.0454]
Iter:67, Test [acc: 53.34, loss: 1.0966], Train [acc: 56.00, loss: 1.0759]
Iter:68, Test [acc: 58.48, loss: 1.0562], Train [acc: 55.00, loss: 1.0632]
Iter:69, Test [acc: 59.49, loss: 1.0297], Train [acc: 57.90, loss: 1.0275]
Iter:70, Test [acc: 60.26, loss: 0.9910], Train [acc: 59.80, loss: 0.9905]
Iter:71, Test [acc: 58.92, loss: 1.0350], Train [acc: 60.40, loss: 0.9670]
Iter:72, Test [acc: 54.46, loss: 1.0667], Train [acc: 59.60, loss: 0.9882]
Iter:73, Test [acc: 48.93, loss: 1.2157], Train [acc: 55.80, loss: 1.0515]
Iter:74, Test [acc: 50.85, loss: 1.1568], Train [acc: 48.70, loss: 1.1586]
Iter:75, Test [acc: 63.66, loss: 0.9928], Train [acc: 52.10, loss: 1.1349]
Iter:76, Test [acc: 64.87, loss: 0.9393], Train [acc: 64.90, loss: 0.9572]
Iter:77, Test [acc: 62.21, loss: 0.9909], Train [acc: 65.90, loss: 0.9117]
Iter:78, Test [acc: 55.93, loss: 1.0673], Train [acc: 63.60, loss: 0.9564]
Iter:79, Test [acc: 50.86, loss: 1.2610], Train [acc: 57.50, loss: 1.0213]
Iter:80, Test [acc: 59.00, loss: 1.0587], Train [acc: 51.90, loss: 1.2302]
Iter:81, Test [acc: 64.32, loss: 0.9740], Train [acc: 61.30, loss: 1.0048]
Iter:82, Test [acc: 62.38, loss: 0.9465], Train [acc: 66.00, loss: 0.9336]
Iter:83, Test [acc: 62.48, loss: 0.9822], Train [acc: 63.90, loss: 0.9169]
Iter:84, Test [acc: 60.68, loss: 1.0469], Train [acc: 64.70, loss: 0.9236]
Iter:85, Test [acc: 55.21, loss: 1.1675], Train [acc: 59.20, loss: 1.0390]
Iter:86, Test [acc: 56.54, loss: 1.0491], Train [acc: 58.10, loss: 1.0675]
Iter:87, Test [acc: 59.14, loss: 1.0061], Train [acc: 54.70, loss: 1.0384]
Iter:88, Test [acc: 63.30, loss: 0.9457], Train [acc: 63.20, loss: 0.9401]
Iter:89, Test [acc: 56.16, loss: 1.0516], Train [acc: 65.40, loss: 0.9115]
Iter:90, Test [acc: 52.41, loss: 1.0532], Train [acc: 59.60, loss: 0.9880]
Iter:91, Test [acc: 56.35, loss: 1.1188], Train [acc: 54.50, loss: 1.0196]
Iter:92, Test [acc: 62.64, loss: 0.9374], Train [acc: 58.60, loss: 1.0564]
Iter:93, Test [acc: 63.00, loss: 0.8950], Train [acc: 62.70, loss: 0.9153]
Iter:94, Test [acc: 66.85, loss: 0.8584], Train [acc: 64.60, loss: 0.8408]
Iter:95, Test [acc: 61.59, loss: 0.9080], Train [acc: 68.70, loss: 0.8303]
Iter:96, Test [acc: 62.71, loss: 0.9207], Train [acc: 63.10, loss: 0.8440]
Iter:97, Test [acc: 59.20, loss: 1.0066], Train [acc: 62.10, loss: 0.8918]
Iter:98, Test [acc: 64.07, loss: 0.9099], Train [acc: 60.70, loss: 0.9329]
Iter:99, Test [acc: 63.91, loss: 0.9140], Train [acc: 64.00, loss: 0.8691]
Iter:100, Test [acc: 68.61, loss: 0.8448], Train [acc: 66.60, loss: 0.8656]
Iter:200, Test [acc: 71.83, loss: 0.7278], Train [acc: 78.30, loss: 0.5794]
Iter:300, Test [acc: 74.86, loss: 0.6959], Train [acc: 82.20, loss: 0.4604]
Iter:400, Test [acc: 77.51, loss: 0.6569], Train [acc: 86.40, loss: 0.3463]
Iter:500, Test [acc: 75.83, loss: 0.7400], Train [acc: 86.30, loss: 0.3441]
Iter:600, Test [acc: 78.47, loss: 0.7233], Train [acc: 94.60, loss: 0.1608]
Iter:700, Test [acc: 78.55, loss: 0.7986], Train [acc: 95.20, loss: 0.1304]
Iter:800, Test [acc: 79.72, loss: 0.8998], Train [acc: 97.50, loss: 0.0838]
Iter:900, Test [acc: 80.04, loss: 0.8903], Train [acc: 98.00, loss: 0.0779]
Iter:1000, Test [acc: 80.31, loss: 1.0168], Train [acc: 99.10, loss: 0.0405]
Iter:1100, Test [acc: 79.33, loss: 0.8554], Train [acc: 96.00, loss: 0.1257]
Iter:1200, Test [acc: 78.17, loss: 1.1350], Train [acc: 98.00, loss: 0.0650]
Iter:1300, Test [acc: 80.01, loss: 1.2051], Train [acc: 100.00, loss: 0.0124]
Iter:1400, Test [acc: 79.96, loss: 1.3244], Train [acc: 100.00, loss: 0.0072]
Iter:1500, Test [acc: 79.89, loss: 1.4096], Train [acc: 100.00, loss: 0.0050]
Iter:1600, Test [acc: 79.87, loss: 1.4776], Train [acc: 100.00, loss: 0.0037]
Iter:1700, Test [acc: 79.81, loss: 1.5345], Train [acc: 100.00, loss: 0.0029]
Iter:1800, Test [acc: 79.77, loss: 1.5818], Train [acc: 100.00, loss: 0.0024]
Iter:1900, Test [acc: 79.76, loss: 1.6218], Train [acc: 100.00, loss: 0.0020]
Iter:2000, Test [acc: 79.74, loss: 1.6564], Train [acc: 100.00, loss: 0.0017]
Iter:2100, Test [acc: 79.73, loss: 1.6879], Train [acc: 100.00, loss: 0.0015]
Iter:2200, Test [acc: 79.72, loss: 1.7160], Train [acc: 100.00, loss: 0.0013]
Iter:2300, Test [acc: 79.71, loss: 1.7420], Train [acc: 100.00, loss: 0.0012]
Iter:2400, Test [acc: 79.71, loss: 1.7659], Train [acc: 100.00, loss: 0.0010]
Iter:2500, Test [acc: 79.69, loss: 1.7881], Train [acc: 100.00, loss: 0.0009]
Iter:2600, Test [acc: 79.68, loss: 1.8085], Train [acc: 100.00, loss: 0.0009]
Iter:2700, Test [acc: 79.68, loss: 1.8281], Train [acc: 100.00, loss: 0.0008]
Iter:2800, Test [acc: 79.66, loss: 1.8458], Train [acc: 100.00, loss: 0.0007]
Iter:2900, Test [acc: 79.66, loss: 1.8630], Train [acc: 100.00, loss: 0.0007]
Iter:3000, Test [acc: 79.66, loss: 1.8791], Train [acc: 100.00, loss: 0.0006]
Iter:3100, Test [acc: 79.65, loss: 1.8943], Train [acc: 100.00, loss: 0.0006]
Iter:3200, Test [acc: 79.65, loss: 1.9088], Train [acc: 100.00, loss: 0.0006]
Iter:3300, Test [acc: 79.64, loss: 1.9230], Train [acc: 100.00, loss: 0.0005]
Iter:3400, Test [acc: 79.64, loss: 1.9367], Train [acc: 100.00, loss: 0.0005]
Iter:3500, Test [acc: 79.65, loss: 1.9495], Train [acc: 100.00, loss: 0.0005]
Iter:3600, Test [acc: 79.65, loss: 1.9617], Train [acc: 100.00, loss: 0.0004]
Iter:3700, Test [acc: 79.65, loss: 1.9732], Train [acc: 100.00, loss: 0.0004]
Iter:3800, Test [acc: 79.64, loss: 1.9844], Train [acc: 100.00, loss: 0.0004]
Iter:3900, Test [acc: 79.65, loss: 1.9952], Train [acc: 100.00, loss: 0.0004]
Iter:4000, Test [acc: 79.65, loss: 2.0057], Train [acc: 100.00, loss: 0.0004]
Iter:4100, Test [acc: 79.65, loss: 2.0157], Train [acc: 100.00, loss: 0.0003]
Iter:4200, Test [acc: 79.64, loss: 2.0255], Train [acc: 100.00, loss: 0.0003]
Iter:4300, Test [acc: 79.63, loss: 2.0348], Train [acc: 100.00, loss: 0.0003]
Iter:4400, Test [acc: 79.63, loss: 2.0440], Train [acc: 100.00, loss: 0.0003]
Iter:4500, Test [acc: 79.62, loss: 2.0524], Train [acc: 100.00, loss: 0.0003]
Iter:4600, Test [acc: 79.61, loss: 2.0610], Train [acc: 100.00, loss: 0.0003]
Iter:4700, Test [acc: 79.62, loss: 2.0693], Train [acc: 100.00, loss: 0.0003]
Iter:4800, Test [acc: 79.62, loss: 2.0775], Train [acc: 100.00, loss: 0.0003]
Iter:4900, Test [acc: 79.62, loss: 2.0853], Train [acc: 100.00, loss: 0.0003]
Iter:5000, Test [acc: 79.61, loss: 2.0930], Train [acc: 100.00, loss: 0.0002]
Iter:5100, Test [acc: 79.61, loss: 2.1002], Train [acc: 100.00, loss: 0.0002]
Iter:5200, Test [acc: 79.61, loss: 2.1076], Train [acc: 100.00, loss: 0.0002]
Iter:5300, Test [acc: 79.62, loss: 2.1146], Train [acc: 100.00, loss: 0.0002]
Iter:5400, Test [acc: 79.61, loss: 2.1216], Train [acc: 100.00, loss: 0.0002]
Iter:5500, Test [acc: 79.61, loss: 2.1285], Train [acc: 100.00, loss: 0.0002]
Iter:5600, Test [acc: 79.60, loss: 2.1353], Train [acc: 100.00, loss: 0.0002]
Iter:5700, Test [acc: 79.61, loss: 2.1419], Train [acc: 100.00, loss: 0.0002]
Iter:5800, Test [acc: 79.60, loss: 2.1483], Train [acc: 100.00, loss: 0.0002]
Iter:5900, Test [acc: 79.60, loss: 2.1545], Train [acc: 100.00, loss: 0.0002]
Iter:6000, Test [acc: 79.60, loss: 2.1605], Train [acc: 100.00, loss: 0.0002]
Iter:6100, Test [acc: 79.60, loss: 2.1663], Train [acc: 100.00, loss: 0.0002]
Iter:6200, Test [acc: 79.59, loss: 2.1721], Train [acc: 100.00, loss: 0.0002]
Iter:6300, Test [acc: 79.60, loss: 2.1778], Train [acc: 100.00, loss: 0.0002]
Iter:6400, Test [acc: 79.60, loss: 2.1833], Train [acc: 100.00, loss: 0.0002]
Iter:6500, Test [acc: 79.60, loss: 2.1888], Train [acc: 100.00, loss: 0.0002]
Iter:6600, Test [acc: 79.60, loss: 2.1940], Train [acc: 100.00, loss: 0.0002]
Iter:6700, Test [acc: 79.60, loss: 2.1992], Train [acc: 100.00, loss: 0.0002]
Iter:6800, Test [acc: 79.60, loss: 2.2044], Train [acc: 100.00, loss: 0.0002]
Iter:6900, Test [acc: 79.60, loss: 2.2093], Train [acc: 100.00, loss: 0.0001]
Iter:7000, Test [acc: 79.60, loss: 2.2142], Train [acc: 100.00, loss: 0.0001]
Iter:7100, Test [acc: 79.60, loss: 2.2190], Train [acc: 100.00, loss: 0.0001]
Iter:7200, Test [acc: 79.60, loss: 2.2238], Train [acc: 100.00, loss: 0.0001]
Iter:7300, Test [acc: 79.60, loss: 2.2285], Train [acc: 100.00, loss: 0.0001]
Iter:7400, Test [acc: 79.60, loss: 2.2330], Train [acc: 100.00, loss: 0.0001]
Iter:7500, Test [acc: 79.60, loss: 2.2375], Train [acc: 100.00, loss: 0.0001]
Iter:7600, Test [acc: 79.60, loss: 2.2419], Train [acc: 100.00, loss: 0.0001]
Iter:7700, Test [acc: 79.59, loss: 2.2463], Train [acc: 100.00, loss: 0.0001]
Iter:7800, Test [acc: 79.58, loss: 2.2506], Train [acc: 100.00, loss: 0.0001]
Iter:7900, Test [acc: 79.59, loss: 2.2547], Train [acc: 100.00, loss: 0.0001]
Iter:8000, Test [acc: 79.58, loss: 2.2588], Train [acc: 100.00, loss: 0.0001]
Iter:8100, Test [acc: 79.58, loss: 2.2629], Train [acc: 100.00, loss: 0.0001]
Iter:8200, Test [acc: 79.58, loss: 2.2669], Train [acc: 100.00, loss: 0.0001]
Iter:8300, Test [acc: 79.57, loss: 2.2708], Train [acc: 100.00, loss: 0.0001]
Iter:8400, Test [acc: 79.58, loss: 2.2748], Train [acc: 100.00, loss: 0.0001]
Iter:8500, Test [acc: 79.58, loss: 2.2787], Train [acc: 100.00, loss: 0.0001]
Iter:8600, Test [acc: 79.57, loss: 2.2824], Train [acc: 100.00, loss: 0.0001]
Iter:8700, Test [acc: 79.57, loss: 2.2861], Train [acc: 100.00, loss: 0.0001]
Iter:8800, Test [acc: 79.57, loss: 2.2898], Train [acc: 100.00, loss: 0.0001]
Iter:8900, Test [acc: 79.57, loss: 2.2934], Train [acc: 100.00, loss: 0.0001]
Iter:9000, Test [acc: 79.57, loss: 2.2971], Train [acc: 100.00, loss: 0.0001]
Iter:9100, Test [acc: 79.58, loss: 2.3006], Train [acc: 100.00, loss: 0.0001]
Iter:9200, Test [acc: 79.58, loss: 2.3041], Train [acc: 100.00, loss: 0.0001]
Iter:9300, Test [acc: 79.58, loss: 2.3075], Train [acc: 100.00, loss: 0.0001]
Iter:9400, Test [acc: 79.57, loss: 2.3109], Train [acc: 100.00, loss: 0.0001]
Iter:9500, Test [acc: 79.58, loss: 2.3143], Train [acc: 100.00, loss: 0.0001]
Iter:9600, Test [acc: 79.58, loss: 2.3177], Train [acc: 100.00, loss: 0.0001]
Iter:9700, Test [acc: 79.58, loss: 2.3210], Train [acc: 100.00, loss: 0.0001]
Iter:9800, Test [acc: 79.58, loss: 2.3243], Train [acc: 100.00, loss: 0.0001]
Iter:9900, Test [acc: 79.58, loss: 2.3275], Train [acc: 100.00, loss: 0.0001]
Iter:10000, Test [acc: 79.58, loss: 2.3307], Train [acc: 100.00, loss: 0.0001]
